Name,Category,Description
Contract|County,Contract/County,Contract/County Audit
Conversion,Conversion,Conversion
CQL,CQL,CQL Accreditation Review
External Reported Incident,External Reported Incident,External Reported Incident
Financial,Financial,Financial Audit
HCBS,HCBS,HCBS/Waiver Survey
ICF-Abbrev|Focused,ICF-Abbrev/Focused,ICF - Abbreviated Standard Survey (Focused Fundamental)
ICF-Full,ICF-Full,ICF - Standard  Survey (FULL)
ICF-Revisit,ICF-Revisit,ICF - Revisit
Infection Control,Infection Control,Infection Control
Life Safety|Fire,Life Safety/Fire,Life Safety/Fire - Focused
Risk and Compliance,Risk and Compliance,Insurance Risk and Compliance Benchmarking
Self Reported Investigation,Self Reported Investigation,Self Reported Investigation
