Finding,Finding Subcategory
e09e7296-5240-4d7b-92d8-87ce681e16e8,"Medical | Health - Nursing Services (monitoring, delegation, documentation, assessments, etc.)"
15776e05-3434-4d0c-a6f4-8de71eb064e8,Safety | Facilities - Fire Protection
06aedcbf-55d2-4fe5-abd2-f63224ef35a3,Safety | Facilities - Fire Protection
1dd520bc-9d5c-4fd0-a7f1-8a9695b16b8c,Medical | Health - Protocols|Procedures - Medical
eb1098c1-cf98-4178-9544-9663a3ac314b,Medical | Health - Medical Appointments
4849fb48-77ae-43e5-aa1c-e68d677592e7,Medical | Health - Physician Orders - Medication
7d5cb2ce-bd9b-4074-8135-5314ea9c440a,Medical | Health - Physician Orders - Medication
d40e4364-1d91-4f01-b87a-347001ef0295,Medical | Health - Physician Orders - Medication
857e8501-728c-4e53-954d-263d6c2b24e0,Medical | Health - Medication - Documentation
965958bd-14a3-4f2b-891d-901eb299c879,Medical | Health - Medication - Documentation
57228b8c-bd4f-4a3d-97d3-f8f5125ff10d,Medical | Health - Medication - Documentation
fe77e5ae-0e79-4482-82c0-cba03ddc831b,Medical | Health - Medication - Documentation
b9ac6137-470d-44c7-9550-14bfcf1444d7,Medical | Health - Medication - Expired|Discontinued
b7584da4-f481-485f-8f21-ae08bd59fd21,Medical | Health - Medication - Documentation
dca00b58-15f6-4ab1-898e-fad7fb834eb8,"Medical | Health - Nursing Services (monitoring, delegation, documentation, assessments, etc.)"
272941a6-51c4-497f-89e2-1259e83ac872,"Governing Body - Personnel Requirements (OIG, TB, Background, DL)"
929fd329-552b-4af1-b8f1-3ea240ff0b2c,Medical | Health - Physician Orders - Medication
13e42fb9-0534-4453-80a4-3509b01ba34f,Medical | Health - Medication - Documentation
66b9e319-0907-41ee-bce7-f6f7d0a8362d,"Medical | Health - Nursing Services (monitoring, delegation, documentation, assessments, etc.)"
b8a13223-9ec9-48c4-a7e7-4cfa725720e0,Governing Body - Training Not Present
785e3f84-4d05-4385-a297-545c7b2ed155,"Medical | Health - Nursing Services (monitoring, delegation, documentation, assessments, etc.)"
df69d0c7-e565-4c10-a699-6379b3b47931,Safety | Facilities - Emergency Planning
66922c56-78af-4372-b652-5d21d405982f,Safety | Facilities - Emergency Planning
acc799a8-3df4-48ec-b289-852b310facdb,Safety | Facilities - Emergency Planning
53c6d1f0-4847-4f2f-80ae-b74608993cc0,Safety | Facilities - Emergency Planning
d0935d49-df19-4787-b413-f3dabbb40159,Safety | Facilities - Emergency Planning
1415ddd8-bccc-4827-9845-2f421bd7b118,Safety | Facilities - Fire Protection
214ab0b8-528c-4eb6-bc8c-d7871230e5b4,Governing Body - Policy Not Present
da5e1e5e-2a8e-4cd4-83e3-066b434e1cf9,Rights and Protection - Restrictions
03c8a31a-a8e5-4080-8435-181f19ba5c5b,Person Centered Planning|Active Supports - Program Documentation
f4f8a0ff-1660-49a4-a5ea-712ae8ede3ea,"Medical | Health - Nursing Services (monitoring, delegation, documentation, assessments, etc.)"
5b304a50-070e-4c10-b1dc-85142a451aa9,Medical | Health - Protocols|Procedures - Medical
b883d098-8a47-4820-a828-507ab0c30f7c,Medical | Health - Protocols|Procedures - Medical
512a9754-f8b1-410e-8b03-b30c96fd37d1,"Medical | Health - Meal Services (Menus, food handling, times, storage)"
573b0a4f-df20-45f1-bbac-7b6f32804a24,Medical | Health - Protocols|Procedures - Medical
dde46572-cb7c-4eac-8d65-d6d6bb9374b1,Safety | Facilities - Infection Control
fd149548-5c07-416f-afdc-a761f692c4b0,Safety | Facilities - Emergency Planning
11b16132-9d40-4724-a56e-e40fdd9bc8d6,Safety | Facilities - Emergency Planning
e8cb9ff6-4ba2-47e7-9d2e-22166d7fc136,Safety | Facilities - Emergency Planning
0bcecc7f-d560-4c7e-8bbf-e5c44d4bc0e0,Safety | Facilities - Emergency Planning
dadc7614-81be-417d-9212-0ad3646a4908,Safety | Facilities - Emergency Planning
6a23a7ae-3605-4e83-b42d-e7e6fb2463fb,Safety | Facilities - Emergency Planning
0905fcc3-0851-4bcb-9a19-4d51df0f6462,Safety | Facilities - Emergency Planning
1d99336a-11a2-422f-a464-8e99b1a9cadf,Safety | Facilities - Emergency Planning
36169f70-34b0-43f5-8a46-9b1b2a5f2761,Safety | Facilities - Emergency Planning
865f9b6e-3ffe-4dd2-bc4c-6a49744cca9d,Safety | Facilities - Fire Protection
78034883-2708-4a02-84ce-2235b1b529c3,Safety | Facilities - Fire Protection
f2708c26-81cc-4637-94b9-5f5ac22ba8a3,Safety | Facilities - Fire Protection
bf815c59-2602-420e-a8f8-261e8a52b3e9,Financial - Contracts
bfd2188a-6b5c-48bb-b561-f7e52f31fb1f,Rights and Protection - Individual Rights
5782cd8c-dd4d-4f90-8694-89fd274f1934,Financial - Contracts
3c5b4742-d41f-4d63-8aea-61809a5457bf,Rights and Protection - Individual Rights
853ffec4-3529-47ba-a67c-f7aaaa8a1e4e,Governing Body - Policy Not Present
9163a6fe-173d-4abf-a8bb-c6da05cc4e9b,Person Centered Planning|Active Supports - Program Implementation
c545fee5-885a-480f-ac8a-e565d37a32bb,Person Centered Planning|Active Supports - Program Monitoring
e75b89e5-ca86-404f-a8e5-7921f7faf6f4,Medical | Health - Protocols|Procedures - Medical
adaa5f50-2781-4a96-a259-31eccb7eb609,"Medical | Health - Nursing Services (monitoring, delegation, documentation, assessments, etc.)"
7704739b-e24b-452c-ab3f-041d2cf5079a,Medical | Health - Protocols|Procedures - Medical
d02cafca-4317-4a9c-b8f6-4852a8c7e9ce,Medical | Health - Medication - Administration
8b517c9e-337c-4949-b9ad-79335929b1b3,Medical | Health - Medication - Administration
da85744f-a6ff-44ce-bfd1-0e4ab580819d,Medical | Health - Protocols|Procedures - Medical
10d24817-0a04-478a-a106-8b1b52717d9a,Safety | Facilities - Facility|Maintenance
35788240-d032-4018-893f-5830d05477cf,Safety | Facilities - Fire|Emergency Drills
5d034225-de4d-44ff-98cb-a88d09d74acc,Safety | Facilities - Infection Control
bbc4cd5d-95a8-441e-bc88-cd4e90333111,"Medical | Health - Meal Services (Menus, food handling, times, storage)"
c530b2fe-4405-4c69-a79f-c481fff554cb,"Medical | Health - Meal Services (Menus, food handling, times, storage)"
829e90d2-81c2-4f1f-b6e8-b68c048eb8b6,Person Centered Planning|Active Supports - Formal Goal Tracking
981301ca-587a-4fd2-8ccb-3bde192a3e8c,Rights and Protection - Restrictions
db60362f-7f23-4ce0-a53e-ad2642386e0f,Person Centered Planning|Active Supports - Program Implementation
207bb0ca-6a57-4b72-93b5-86d30619495f,Person Centered Planning|Active Supports - Program Documentation
b41cd236-5537-4dd7-80f3-9242b4cfe939,"Medical | Health - Nursing Services (monitoring, delegation, documentation, assessments, etc.)"
9b5f17fb-5b76-4821-8bf1-a20460e13c05,Safety | Facilities - Emergency Planning
e8301d53-be03-48fe-b01c-3d19dc32e08f,Safety | Facilities - Emergency Planning
7b6ab5e9-7aff-414f-8dc7-1f85f09e7acb,Safety | Facilities - Emergency Planning
fec04948-226a-4359-837d-cd8c31fc91e2,Safety | Facilities - Emergency Planning
011e4a77-3e84-4be2-94f8-f79cb21b68b5,Safety | Facilities - Emergency Planning
d233fe59-0973-4383-87b3-22a58d815643,Safety | Facilities - Emergency Planning
e77993d0-1800-424b-87c3-733cf947618c,Safety | Facilities - Emergency Planning
514bac2f-8f96-4beb-be6d-234a451a6166,Safety | Facilities - Emergency Planning
a6404eea-fdd7-409a-988a-239d715a3480,Safety | Facilities - Emergency Planning
575be06d-400b-4c65-b46e-ea59ca29076c,Safety | Facilities - Emergency Planning
7c6594fc-bb78-47b5-8ffd-276e747a2206,Safety | Facilities - Emergency Planning
fc606972-1acf-4564-bec2-f89a48af468d,Safety | Facilities - Fire Protection
5aeb7d27-1760-4171-9051-aeb3b0886e54,Safety | Facilities - Fire Protection
9421f3c2-3442-4669-8a1a-572dcbf701fa,Safety | Facilities - Fire Protection
da6e7b2f-de24-4187-82ae-0c538020a178,Safety | Facilities - Fire Protection
20dcc3c0-fae8-4dcd-80aa-0b42ed81cca1,Safety | Facilities - Fire Protection
f9a0729b-e5f0-4576-a06d-be3800c5fadd,Safety | Facilities - Emergency Planning
e2b32735-acff-4c87-a39e-c4dcfb278203,Safety | Facilities - Emergency Planning
da69b3d9-be2d-465f-9683-6fb8038207ef,Safety | Facilities - Emergency Planning
6baf3674-1210-4555-b286-5e8817fd704e,Safety | Facilities - Emergency Planning
bd93a085-8363-4342-8e7a-222ee1279d32,Safety | Facilities - Fire Protection
70153f18-8930-4b91-b015-9fa85d7a9046,Safety | Facilities - Fire Protection
a25c4b06-d649-4af5-80b0-c1ae598e1bd8,Safety | Facilities - Fire Protection
6c5e853f-1950-4713-befa-1b80fca0ac85,Safety | Facilities - Emergency Planning
0e4e811e-53c0-446b-81c2-6dd0aa679c5e,Safety | Facilities - Fire Protection
1e4a8847-fe9d-4377-b072-213abd2249a5,Safety | Facilities - Emergency Planning
f800fd22-8915-4c15-8673-7f4fd285d4d1,Safety | Facilities - Facility|Maintenance
b39402a7-b903-4324-b9a7-2b6c306701b7,Safety | Facilities - Fire Protection
87ceed14-56df-48c1-9ee3-cd8b97108d67,Safety | Facilities - Emergency Planning
52c4c884-6df5-4558-831e-c0ab6e242bdc,Safety | Facilities - Emergency Planning
2e6c9db8-d3d8-4fec-bc97-1b5a96d3431d,Safety | Facilities - Facility|Maintenance
e8b5c768-ec9b-483c-bc78-298edbf33169,Safety | Facilities - Emergency Planning
ac495437-b598-4d1a-b50d-0d325471534f,Safety | Facilities - Emergency Planning
9febe579-f36f-4ebc-9f0d-9f5e0367c838,Safety | Facilities - Fire Protection
8f13af47-79d0-4cbf-9993-2ba229339469,Safety | Facilities - Fire Protection
1033d600-482c-4855-9dbf-bb850c1a146a,Safety | Facilities - Fire Protection
38c168ad-437a-4f80-96e5-ef0e8077bcd8,Safety | Facilities - Fire Protection
33e26620-8444-4048-bc89-bb94d5407753,Person Centered Planning|Active Supports - Person Centered Plan
e276799c-283d-4c3e-a30e-1de1cfeb3e99,Rights and Protection - HRC|Committees
b48796bf-c76d-43fc-9d18-1fa1acc20dd6,Rights and Protection - Individual Rights
0ed326b5-ff2f-4cd5-a041-dedba84b2175,Person Centered Planning|Active Supports - Behavior Plan|Support
5c0292fd-fe95-4a5c-a854-f34c53c132b5,"Medical | Health - Nursing Services (monitoring, delegation, documentation, assessments, etc.)"
aae040b6-04eb-4ab1-9f7c-123eb50e542d,"Medical | Health - Nursing Services (monitoring, delegation, documentation, assessments, etc.)"
2ad296f8-1a8d-46a3-836f-169439ba15fd,"Medical | Health - Nursing Services (monitoring, delegation, documentation, assessments, etc.)"
65404325-683c-4ec8-86a8-dae2d8598824,Medical | Health - Medication - Administration
0b9a194b-4752-41d9-98e1-f065a523dd97,Safety | Facilities - Infection Control
bedaba5a-3e46-4aaa-9690-412fdd4ca792,"Medical | Health - Meal Services (Menus, food handling, times, storage)"
80499b13-d566-4369-80ec-4d83bbbd1f87,Safety | Facilities - Emergency Planning
b6a88aa9-df4a-43cd-b272-2ad283969bfa,Safety | Facilities - Emergency Planning
1c18fee5-15ef-41e9-9069-79005634de7b,Safety | Facilities - Emergency Planning
bb209ac0-69f7-478b-a458-82962e1a8d75,Safety | Facilities - Facility|Maintenance
917d38ba-ea5a-48c5-907e-43977f3b8361,Safety | Facilities - Fire Protection
b4ed0488-8bb0-4b72-9443-20fb2e43415e,Safety | Facilities - Fire Protection
54a5b074-c86f-4d0e-a945-caf7e6bd242c,Safety | Facilities - Emergency Planning
92cc1a59-c4e2-4a86-a3c1-30c7ad4ff072,Safety | Facilities - Emergency Planning
39c23be2-1703-4e3a-ada9-8cda49f77488,Safety | Facilities - Emergency Planning
518af68d-a151-489d-b960-4ada185a2e6b,Safety | Facilities - Emergency Planning
e0f41b03-edb1-481d-a443-4ab8890780cc,Safety | Facilities - Facility|Maintenance
8d5b2638-86bc-4c47-871f-ae0736782938,Safety | Facilities - Fire Protection
121261f2-b566-4cef-825a-52adc9e92453,Safety | Facilities - Fire Protection
52964be1-3a79-427c-b88d-07475e501704,Safety | Facilities - Fire Protection
d3acf87a-16f0-4058-9797-327965c68d25,Safety | Facilities - Emergency Planning
420c87de-1996-436d-85c8-e04ef21d14ff,Safety | Facilities - Fire Protection
66a75339-dc3a-4c42-8c38-e3d5ddbf30ca,Governing Body - Policy Not Present
e1bb74ff-00c8-4aae-9c0f-59a48d4d99ab,Governing Body - Staffing Oversight
e3dbf4e9-c1b4-4789-bbf2-f7dbb737d37d,Safety | Facilities - Facility|Maintenance
d10650db-fde1-4e6f-946c-f5ef4495360f,Safety | Facilities - Facility|Maintenance
230edc8b-b452-4e25-b370-55ce1019f3c6,Person Centered Planning|Active Supports - Active Treatment
27f7de74-46ef-4ad5-b3a9-c1dfee3de550,Person Centered Planning|Active Supports - Formal Goal Tracking
60d92cc6-0c16-480b-a838-dcca7548414b,Medical | Health - Medication - Administration
52d591a1-72a5-430c-b9f6-38289e058196,Person Centered Planning|Active Supports - Program Implementation
d2b94ed0-9866-4c08-9fcd-81895481fc41,Person Centered Planning|Active Supports - Program Implementation
4fcbf4ed-c55c-413f-90b3-fdf91347edc2,Medical | Health - Medication - Documentation
46bd2256-84e2-4940-bb33-5d62d7dfc377,"Medical | Health - Nursing Services (monitoring, delegation, documentation, assessments, etc.)"
48313d04-f53c-4177-8552-bb7a4b6380de,Safety | Facilities - Infection Control
789775d0-7e23-4bb7-801e-070c4013b93f,"Medical | Health - Meal Services (Menus, food handling, times, storage)"
307fc4ce-029d-4b5e-b4b0-f3328ade6a89,Rights and Protection - Individual Rights
5a80c524-ae54-4c76-8b58-27b8fecb6c12,Rights and Protection - HRC|Committees
3f39511a-da4d-4101-9512-10b51b4a42bd,Person Centered Planning|Active Supports - Behavior Plan|Support
b46c1115-7ffe-449d-880f-495174c0415d,Person Centered Planning|Active Supports - Program Implementation
ee3418cc-2ba5-46ad-bffa-f864a376a550,Rights and Protection - HRC|Committees
cddadb54-f5f0-41ed-a443-20a50db12710,"Medical | Health - Nursing Services (monitoring, delegation, documentation, assessments, etc.)"
9d084bdb-af52-430b-a62f-0e3104d4484e,"Medical | Health - Nursing Services (monitoring, delegation, documentation, assessments, etc.)"
98714fa9-32c6-42c6-a49b-fbbfd1c14e85,"Medical | Health - Meal Services (Menus, food handling, times, storage)"
4eb93885-35fb-4b0f-b1a6-906b07e22a4d,"Medical | Health - Nursing Services (monitoring, delegation, documentation, assessments, etc.)"
3a9d6cb1-9ded-46c2-a0ff-4d5cbb1f091a,"Medical | Health - Nursing Services (monitoring, delegation, documentation, assessments, etc.)"
4795963d-0f1a-4ee9-a53b-bc8b35ea2765,Medical | Health - Medication - Administration
ca949910-38d2-4758-93b7-7397a044c4ab,Safety | Facilities - Infection Control
e6e7d6cc-d690-4f59-9fdc-645567650ed1,Safety | Facilities - Facility|Maintenance
27a90559-b77a-4389-a857-933e9b1ed4ac,Safety | Facilities - Facility|Maintenance
8078ee57-2a8d-4d05-bc22-5351cef8ccd9,Safety | Facilities - Fire Protection
e226f7ca-3c4e-459b-8952-89f9f8f2099e,Safety | Facilities - Fire Protection
1f4dedb7-7e90-45b5-a048-750e939077e9,Safety | Facilities - Emergency Planning
8c6878a4-53d8-414d-a1c5-77f5a2bc4228,Person Centered Planning|Active Supports - Protocols|Procedures - Non-Medical
f06fc668-35ac-479d-b056-746458a6d855,Safety | Facilities - Facility|Maintenance
02cb4825-8fc8-4ab6-bf40-da70223ef14a,Medical | Health - Protocols|Procedures - Medical
01124f73-0bfc-4591-976a-add8ef2e84df,"Medical | Health - Nursing Services (monitoring, delegation, documentation, assessments, etc.)"
8d42d71c-44ab-45da-9479-3f63b06473af,Medical | Health - Protocols|Procedures - Medical
6393f4dd-10e7-40e8-a3b3-7214842492e2,Rights and Protection - Guardianship
ca4375d3-aae9-4718-bfdf-3d045439487f,Financial - Accounting|Management of Personal Funds and Property
e976a86d-19c1-451c-b938-d7010ff98efb,Person Centered Planning|Active Supports - Protocols|Procedures - Non-Medical
20fe6953-b5ac-4dbd-8ee7-c787a3a47d4f,Safety | Facilities - Facility|Maintenance
54ade472-00bb-4cc2-9605-cd5b516450fe,"Medical | Health - Meal Services (Menus, food handling, times, storage)"
d9163809-ca1b-4fc6-a674-85a53f24800b,"Medical | Health - Nursing Services (monitoring, delegation, documentation, assessments, etc.)"
149cb839-5f79-4324-9bf9-7ff40f57eeb5,Medical | Health - Protocols|Procedures - Medical
6159dd29-d487-4b6d-b3a4-7f5c1b434ac3,Medical | Health - Protocols|Procedures - Medical
08c33633-55cd-4ea4-acb9-f7d140a88891,Person Centered Planning|Active Supports - Person Centered Plan
f2a11bb6-af58-4799-88da-49545fc5f9da,Person Centered Planning|Active Supports - Behavior Plan|Support
6a7965fb-fd21-49aa-abe3-ea49821e877b,Medical | Health - Medication - Administration
43953594-a03c-440a-9ac3-218f146b0342,Person Centered Planning|Active Supports - Community Integration
ee93b0e3-34ca-48f3-9551-633486f885c5,Person Centered Planning|Active Supports - Program Documentation
33ad0279-d9c9-4324-9125-a8fa9f30e582,"Medical | Health - Nursing Services (monitoring, delegation, documentation, assessments, etc.)"
d4fe683b-fdba-4220-a21b-0690e518f9d9,Safety | Facilities - Fire Protection
584d370a-52fc-4aa7-b28f-e49f2e630c62,Safety | Facilities - Facility|Maintenance
482e60f6-526e-4128-92ed-845543923f9c,Safety | Facilities - Fire Protection
717620f3-ac1c-4d69-ad6a-3f29076b0242,Safety | Facilities - Fire Protection
c9600899-49fe-4130-9649-e82f110c4ea8,Safety | Facilities - Facility|Maintenance
68c8805c-18c6-4efe-89da-d0d7132d06db,Safety | Facilities - Emergency Planning
c04be316-db4f-4016-b71d-3bc7cb329bb4,Safety | Facilities - Emergency Planning
f987cf75-f452-4ceb-a925-e13f2bea13b1,Safety | Facilities - Emergency Planning
afd11096-fc42-4bb2-8ca3-0735eebd036c,Safety | Facilities - Emergency Planning
60965f40-c452-48be-b8a8-3d211c26a0b4,Safety | Facilities - Emergency Planning
74fa1cee-bf99-4d0b-9ba4-0010c4aacdd8,Safety | Facilities - Emergency Planning
cef7a30b-be38-458e-9646-17c832523fef,Safety | Facilities - Emergency Planning
220fc989-e047-4a48-a936-94d812e0577e,Safety | Facilities - Fire Protection
4398437c-0195-4d39-9d8a-8a460f33bc0a,Safety | Facilities - Emergency Planning
52a5bd14-e7c6-4618-8fd2-dd115121b0da,Safety | Facilities - Emergency Planning
0fd78c4e-ce9e-4fbb-870a-f5bc0aeec4e7,Safety | Facilities - Emergency Planning
0dd4a353-edf0-484d-838e-57dfc35b4015,Safety | Facilities - Emergency Planning
3de43270-7a51-47a9-920e-210605d5cc0e,Safety | Facilities - Emergency Planning
1ef63338-328c-4e7b-a085-d4caafc07303,Safety | Facilities - Emergency Planning
4d87970a-c340-47af-aded-12d776dbb96e,Safety | Facilities - Emergency Planning
054b6ff7-92e7-4f83-8116-9f7682ea6a7d,Safety | Facilities - Emergency Planning
61c255c5-0323-42aa-91c1-4b2d29a503b1,Safety | Facilities - Emergency Planning
016f2ccf-839d-4583-8416-ea4f7d2211cf,Medical | Health - Medication - Administration
4b55ea56-41bc-46a9-8e91-3836b669ab3b,"Medical | Health - Nursing Services (monitoring, delegation, documentation, assessments, etc.)"
de5ba015-5259-4159-8e2e-0a3863ce8ce3,Rights and Protection - Individual Rights
2eb76d99-fb52-4b9a-911f-522dd7b368f9,Governing Body - Policy Does Not Meet Requirements
5a79bf3d-b0a8-420d-9f07-ca4d8ef57569,Governing Body - Policy Does Not Meet Requirements
e3bf5f13-709f-4191-a75a-f8ff0d3b847e,Safety | Facilities - Facility|Maintenance
630ce2a9-0492-494f-b807-84c8f447c371,Safety | Facilities - Emergency Planning
656337ba-dc73-402d-b2d5-1e4d285cf545,Safety | Facilities - Facility|Maintenance
11c445b9-e582-455a-b077-05420efab1e5,Safety | Facilities - Emergency Planning
d0912ec6-652a-4cdd-8a71-0d73b26c4e67,Safety | Facilities - Emergency Planning
35110998-1cfb-48b5-ad2f-3f0aa80e7ad7,Safety | Facilities - Emergency Planning
47c56927-6ca2-401a-8187-fc420f33fcf2,Safety | Facilities - Emergency Planning
c79ddc6b-6ced-4bdf-9a59-4c202e251163,Safety | Facilities - Emergency Planning
d27a505c-7422-486f-aaa4-b9e8cbf474ff,Safety | Facilities - Emergency Planning
7f9e755c-4908-4354-bc71-8ab6c60dfda0,Safety | Facilities - Emergency Planning
e426076f-34c1-4ec9-af85-cb6bce053c39,Safety | Facilities - Fire Protection
63d05525-f60d-41d3-b410-9a01280e6091,Safety | Facilities - Fire Protection
db8df993-8836-47e9-878c-236f71a5a9bd,Safety | Facilities - Fire Protection
c8044515-9100-42df-bf8d-7cd758b126f8,Governing Body - Staffing Oversight
087756eb-a800-4507-9345-e137a2e80649,Safety | Facilities - Facility|Maintenance
da659e13-0fcf-4287-a9ed-d8553fdc5cca,"Medical | Health - Nursing Services (monitoring, delegation, documentation, assessments, etc.)"
7ec91adf-f31c-4012-ac2e-0f67b1de7e93,Governing Body - Staff Resources
b93eeab9-945c-4a3a-a882-3f4eb80fb9bb,Medical | Health - Medication - Administration
ed4cbab8-eee5-4e4f-841c-1500a0a7b3b0,Medical | Health - Medication - Administration
7b8185f6-783f-4fff-bf16-8cbbfaea6cf7,Safety | Facilities - Infection Control
46529b35-dfd0-4d49-b700-e4f74ccf615d,Safety | Facilities - Facility|Maintenance
e7fd6a2d-4bc7-4b26-a7c2-c8a92df0ea8e,Medical | Health - Medication - Administration
8dbcccd6-aabe-4221-b3fa-95b386b4c0d2,"Medical | Health - Nursing Services (monitoring, delegation, documentation, assessments, etc.)"
76aedf11-ca01-4332-822c-e52a803209d5,"Medical | Health - Nursing Services (monitoring, delegation, documentation, assessments, etc.)"
2bb880b9-d84b-4c2b-aa19-5bfc1bc00c06,"Medical | Health - Nursing Services (monitoring, delegation, documentation, assessments, etc.)"
77f89feb-5dd5-48b1-ab09-980cd8d9e99a,Medical | Health - Medication - Administration
953e7761-058c-470d-9808-481b02da45eb,Governing Body - Staffing Oversight
1dbe3cde-f255-4ee0-a770-7a1ac6f1930c,Governing Body - Staffing Oversight
97941561-81d7-495a-aa56-817f1df7a450,Medical | Health - Protocols|Procedures - Medical
69dc478c-4627-4ac1-a591-05bc8ad8643d,Person Centered Planning|Active Supports - Formal Goal Tracking
e7e96551-407b-4a5d-906d-d720baec8959,"Medical | Health - Nursing Services (monitoring, delegation, documentation, assessments, etc.)"
8d37742d-11c4-4478-a46f-5bd9df756413,"Medical | Health - Nursing Services (monitoring, delegation, documentation, assessments, etc.)"
9fe43091-1669-4ce4-9bf7-d4bba31542ef,Rights and Protection - Investigation
8280fe15-6e91-4e17-a306-878789531bcc,Safety | Facilities - Facility|Maintenance
977ec301-42ba-43f8-be78-b8fc295d12b6,Safety | Facilities - Fire|Emergency Drills
2e42ad04-2564-42fa-a0d9-c29b472b244e,Safety | Facilities - Emergency Planning
7c29095e-e82d-4d59-8ab9-82842dffc5a6,Medical | Health - Medical|Health Documentation
10d30b43-731a-4b78-ae42-700c149b3025,Governing Body - Staff Resources
01a16c8e-839c-418b-9fd9-12dcf05c7e80,Governing Body - Quality Assurance
07b47f02-ecce-4283-a008-4f2a255b4ae0,Medical | Health - Protocols|Procedures - Medical
d642553f-902a-41ba-8b36-d20191bce50e,Governing Body - Quality Assurance
1e5dfb17-6e6c-4ff6-85a8-1a0319dbc018,Rights and Protection - Consent - Not Present
67bf65b8-84d5-4d7d-9ad8-79817fb9902c,"Governing Body - Personnel Requirements (OIG, TB, Background, DL)"
3aee5627-7b55-4d2a-9725-864e3b3e5cdc,"Governing Body - Personnel Requirements (OIG, TB, Background, DL)"
64cd9f33-d845-4180-8168-50cf8a717583,Medical | Health - Medication - Administration
937a6cd1-bfff-4e4a-bca3-b8c29fc4dea0,Person Centered Planning|Active Supports - Person Centered Plan
0057d5c5-bad3-4fee-ab24-b9a26927bb86,Governing Body - Quality Assurance
a68f02f4-b583-4d6f-93fe-c771ee83eb05,Governing Body - Quality Assurance
4dfa58a7-aea2-4137-8275-b4c4f5e16f2e,Governing Body - Quality Assurance
e584e58f-ff01-45b6-b12c-0d83f29579df,Rights and Protection - Investigation
114bbdb5-d72b-4379-9aef-330b2cd247c3,Governing Body - Policy Does Not Meet Requirements
c11ff00f-aca5-4fa5-addb-c85dc79bbccb,Governing Body - Staffing Oversight
58088074-9b04-4d71-b50b-d0cdaaba5fb1,Rights and Protection - Investigation
85d98ad0-dc28-4d44-b125-c66ec33dbaee,Governing Body - Policy Does Not Meet Requirements
cd0f9fd2-b6bd-47f2-bd9b-35c76421ec10,Rights and Protection - Investigation
b8466c3f-3bce-4e70-bc0d-8a704296b0e5,Governing Body - Staffing Oversight
ce2818dd-5ace-4398-a3e9-fbeb96a0d153,"Medical | Health - Meal Services (Menus, food handling, times, storage)"
aa916b0e-2c1d-4488-82ae-49b5d2129d3b,Person Centered Planning|Active Supports - Person Centered Plan
62ccc7dc-4a82-443f-afc4-63fa4562946b,"Medical | Health - Meal Services (Menus, food handling, times, storage)"
e6e13a02-df28-4c4d-9879-791732136126,Rights and Protection - Investigation
a537afc2-e1d7-4ad9-a604-b723e30d62ed,Governing Body - Policy Does Not Meet Requirements
a5b380c0-28cd-4ed5-b507-64c997ca2e6d,"Medical | Health - Meal Services (Menus, food handling, times, storage)"
ab0da629-86c3-440e-bacb-618ed4d9f09c,Rights and Protection - Investigation
9ed45912-bf7b-49e9-8040-302647137baa,Governing Body - Policy Does Not Meet Requirements
9b6914b2-7abe-4e90-802a-f16fb01d8f5b,Safety | Facilities - Fire Protection
e96628a2-d2a0-47ca-9301-890fb7151c9e,Safety | Facilities - Fire Protection
f7abaf81-a0b8-4114-9255-39fa0ff4c6a9,Safety | Facilities - Fire Protection
375da8ae-3cef-470f-a0e0-a7386ed4dab3,Safety | Facilities - Fire Protection
2c90e096-a8e0-4632-a0ee-88dd2e9ce747,Medical | Health - Protocols|Procedures - Medical
b068bcff-a1b0-4383-9313-6446f2adbea3,Medical | Health - Infection Control
0ee6f1c4-489b-4a5f-a6ed-77ecaf750284,Medical | Health - Medical Appointments
759fed3d-3412-4f03-9218-32857b4023ab,Governing Body - Policy Does Not Meet Requirements
920e0295-06aa-4722-8982-ab257f75dead,Person Centered Planning|Active Supports - Active Treatment
08014e0a-cca2-4c6b-96af-975b1ae89593,"Medical | Health - Meal Services (Menus, food handling, times, storage)"
e711fe6a-fa6f-4b02-8e3b-adeba231b8a1,Medical | Health - Infection Control
d860270a-30a7-4e28-adaf-382543b06b80,Medical | Health - Medication - Documentation
a9f0de39-5509-4183-94ef-3d80d4a812c4,Medical | Health - Medication - Documentation
215bfc8f-beeb-4ff2-9c3c-7c1ba801149b,Medical | Health - Medical Appointments
8671f4c6-b12e-424f-8a37-1487ad7652a3,Medical | Health - Infection Control
34a0d877-5082-4c3a-9917-2343f6823183,Medical | Health - Medication - Documentation
1d751590-8423-4fcd-869e-2f0c498e6786,Governing Body - Policy Does Not Meet Requirements
ce133f97-fbd2-4e04-ae81-92a15b1fe310,"Medical | Health - Meal Services (Menus, food handling, times, storage)"
2902b3f3-0c6c-448d-a52a-49bea8eb45eb,Person Centered Planning|Active Supports - Active Treatment
61a8d9c3-be4a-46c8-8076-8c034116a062,Medical | Health - Infection Control
709659f3-df42-488c-bce1-569171a3629d,Safety | Facilities - Equipment
541ae6c2-b710-445e-8d3c-ab340ce69064,Rights and Protection - Investigation
541ae6c2-b710-445e-8d3c-ab340ce69064,Rights and Protection - Incident Reporting
8107474d-572a-47d0-91f1-a4a065e2b0b4,Rights and Protection - Individual Rights
8107474d-572a-47d0-91f1-a4a065e2b0b4,Rights and Protection - Investigation
fe699e5b-c0e2-4825-b12e-a571042f627a,Rights and Protection - Investigation
f54bcfe3-d8b4-47c9-89ec-cea08c6ab2b6,Governing Body - Reporting Requirements (Internal|External)
0fd7e650-8217-44da-83ba-9f159c8ac70f,Rights and Protection - Individual Rights
0fd7e650-8217-44da-83ba-9f159c8ac70f,Rights and Protection - Incident Reporting
0fd7e650-8217-44da-83ba-9f159c8ac70f,Rights and Protection - Dignity and Respect
322562e0-22bf-451e-baef-10b6f5c49b4c,Rights and Protection - Individual Rights
322562e0-22bf-451e-baef-10b6f5c49b4c,Rights and Protection - Incident Reporting
322562e0-22bf-451e-baef-10b6f5c49b4c,Rights and Protection - Dignity and Respect
4926a305-48ed-4393-8922-0cacccee48f5,Governing Body - Staffing Oversight
26577195-0e9d-4e2e-8101-c055997c50f4,Rights and Protection - Incident Reporting
762795cf-b0ea-41e2-bf69-333f8a626a25,Rights and Protection - Investigation
d0d4240b-cf50-4617-a2f4-7fa3c7df8e2e,Rights and Protection - Individual Rights
d0d4240b-cf50-4617-a2f4-7fa3c7df8e2e,Rights and Protection - Investigation
d0d4240b-cf50-4617-a2f4-7fa3c7df8e2e,Rights and Protection - Incident Reporting
e3f38787-283e-4c28-80b0-6a647b0d3ea2,Medical | Health - Infection Control
0c34da41-e3c6-46be-9385-da94e16374a6,Governing Body - Quality Assurance
567d083f-50ff-4018-af13-f6e02b14cfaa,Governing Body - Quality Assurance
06445b34-fa97-4ce0-9552-a8dd7ad5ae9b,"Medical | Health - Nursing Services (monitoring, delegation, documentation, assessments, etc.)"
e448f45b-7bbd-4c13-a15a-b0f1911191a4,Person Centered Planning|Active Supports - Program Monitoring
e2f3e3e6-1f70-4137-9f48-e921775a6ad6,Person Centered Planning|Active Supports - Formal Goal Tracking
cd521d46-050d-4ab0-94ec-c3764f4540e1,Person Centered Planning|Active Supports - Assessments
b3433a94-76c3-4bb1-b733-bd3bfba03513,Medical | Health - Medical Appointments
6bb52121-0305-4ba3-a1b9-b5af20416b17,Person Centered Planning|Active Supports - Behavior Plan|Support
21ad3d95-a7ac-4d83-acdd-c4952e789b53,Medical | Health - Medication - Administration
21ad3d95-a7ac-4d83-acdd-c4952e789b53,Medical | Health - Medication - Documentation
21ad3d95-a7ac-4d83-acdd-c4952e789b53,Medical | Health - Medication - Expired|Discontinued
21ad3d95-a7ac-4d83-acdd-c4952e789b53,"Medical | Health - Nursing Services (monitoring, delegation, documentation, assessments, etc.)"
3e6123ce-4a48-45af-b700-48c753e962e5,Safety | Facilities - Facility|Maintenance
1168e4b8-61c9-4b3b-b2ae-cb2436f7a791,Safety | Facilities - Fire Protection
4c6b1f33-0fb4-4a17-9867-ff1f7817e08b,Safety | Facilities - Fire Protection
9f3ffbb5-7abb-4717-8952-b670e3f336c0,Safety | Facilities - Fire Protection
a024d289-5840-4b5b-9b9f-606924b5d37c,"Medical | Health - Nursing Services (monitoring, delegation, documentation, assessments, etc.)"
99077998-7b7c-4bba-a03b-86c8f8049952,"Medical | Health - Nursing Services (monitoring, delegation, documentation, assessments, etc.)"
f12ff57e-c093-4a49-ab30-d7edcbcbfedb,Governing Body - Staffing Oversight
ad28ee2b-46ac-47c1-bdae-21db5cf9a7d7,Rights and Protection - Individual Rights
ad28ee2b-46ac-47c1-bdae-21db5cf9a7d7,Rights and Protection - Investigation
ad28ee2b-46ac-47c1-bdae-21db5cf9a7d7,Rights and Protection - Incident Reporting
080c96ef-1632-47b0-a5bd-850fdceaba2a,Governing Body - Reporting Requirements (Internal|External)
d4fbd248-c82d-4a2d-8292-ea747a1e80cf,"Medical | Health - Nursing Services (monitoring, delegation, documentation, assessments, etc.)"
8da77229-75d0-46fa-8b70-ae50c9d8a65f,Medical | Health - Infection Control
83df8e1c-c399-4243-863b-253e4e31bbbd,"Medical | Health - Meal Services (Menus, food handling, times, storage)"
c71dd43d-c2aa-4d58-81a6-4382176eb8dd,Safety | Facilities - Facility|Maintenance
cba901e3-9b0e-48c7-937b-1a4dabf65a9d,Person Centered Planning|Active Supports - Program Documentation
3dec603d-2568-4ebc-9e84-c59f208b25cf,Safety | Facilities - Fire Protection
35b1b6c5-d36f-458c-8a95-086503f5905c,Safety | Facilities - Fire Protection
9bd18f4e-f82b-46e5-9db3-5064f4773044,Safety | Facilities - Facility|Maintenance
388cb5cf-a508-4326-8be4-df12d4afbb28,Medical | Health - Infection Control
8ff708d3-ffd0-41d4-b31e-eccc400f595d,Medical | Health - Medical Appointments
5697a5c0-b7d5-41ef-9ea5-ea10ada2486d,Person Centered Planning|Active Supports - Person Centered Plan
cf2a26fe-a432-41f4-9e04-0389ccb013cb,Rights and Protection - Consent - Not Present
686b3c3c-445b-497e-852d-8d57707f7c55,Rights and Protection - HRC|Committees
8d3f378d-67dc-4294-97f5-06f4b91aec5e,Medical | Health - Infection Control
b54a4936-0b77-44db-b320-20a7b172e5c2,Medical | Health - Infection Control
dfeda6d5-e790-4939-9aee-60b0c0954395,Governing Body - Quality Assurance
ea56513d-43f0-4187-a255-ddfee4eac9a1,Safety | Facilities - Infection Control
e078de73-7a50-4d34-afd7-d077dca51914,"Medical | Health - Nursing Services (monitoring, delegation, documentation, assessments, etc.)"
2d67058a-b6d8-48e8-907a-7466fdf00219,Safety | Facilities - Infection Control
1cb7a292-4621-4600-b541-2cb1bcbcae7f,Safety | Facilities - Infection Control
f8c928a7-2e72-4487-a43b-d46fac1ae625,Medical | Health - Medication - Not Present
48ac3bf3-8eec-46ff-84e5-0a9a7400471c,Rights and Protection - Restrictions
e489a729-b61d-458c-8bef-f315c94c965a,Safety | Facilities - Infection Control
1731a7ef-590b-4550-abb1-feeaff1851f3,Rights and Protection - Investigation
bd33dfa3-4a3d-47a5-b857-f616a5dbd89b,"Medical | Health - Nursing Services (monitoring, delegation, documentation, assessments, etc.)"
a1b6b5d2-2e8c-4eea-8fc4-eacf4a933639,"Medical | Health - Nursing Services (monitoring, delegation, documentation, assessments, etc.)"
a91ad0a7-f248-479d-af47-d5c328e15e7d,Medical | Health - Protocols|Procedures - Medical
e76b54c5-3a9a-4a1f-a8ef-28bd80197f68,Medical | Health - Protocols|Procedures - Medical
a83a56ef-2807-4c2c-83a9-19775b4641b2,Medical | Health - Medical|Health Documentation
68d6ebe4-cb4f-4d67-8dcf-fa4a2d9369f8,Governing Body - Policy Not Present
05f4f606-caf0-4eaa-a3ec-9f52e331637b,Medical | Health - Medical|Health Documentation
369ed329-a6f7-429e-9533-740d16be27d0,Safety | Facilities - Infection Control
88ee3a53-f74a-42be-bb81-cf3386fea5c9,Safety | Facilities - Infection Control
c69630df-db6e-4a25-98c4-4f9dca8c1387,Rights and Protection - Consent - Not Present
4b227777-11b5-46e9-8892-e3f9c2d8a622,Rights and Protection - HRC|Committees
e622f54d-2efa-4ec7-b264-1baa4d9bab2e,Governing Body - Reporting Requirements (Internal|External)
a634599e-8abd-43a6-aba2-33c62e70907c,Rights and Protection - Guardianship
e73326e2-c82c-4c01-99b1-f152ef4aa29c,Safety | Facilities - Facility|Maintenance
a92f2e22-4565-4bdb-bd24-d299b23657ef,Governing Body - Quality Assurance
8786a58a-166f-4e73-991e-52f193867aac,"Medical | Health - Nursing Services (monitoring, delegation, documentation, assessments, etc.)"
564b6bb6-6083-4521-83b8-3e030cce636a,"Medical | Health - Nursing Services (monitoring, delegation, documentation, assessments, etc.)"
3230713d-7f11-43e8-9186-d6d9e021fd8c,"Medical | Health - Nursing Services (monitoring, delegation, documentation, assessments, etc.)"
8b73b060-3f31-4192-834d-a45ac2658fb8,Medical | Health - Protocols|Procedures - Medical
c982ce55-e65d-4e05-a855-ae276b5e4645,Medical | Health - Protocols|Procedures - Medical
274205b6-6d50-45e1-aeb8-8f353bfa2b32,Medical | Health - Medical|Health Documentation
76b8aa09-b23d-42af-ae9d-348d5086268b,Safety | Facilities - Fire|Emergency Drills
6b2d9e6d-8e7d-4c0d-826e-5cb3c2857357,"Governing Body - Personnel Requirements (OIG, TB, Background, DL)"
31fcfc72-d6b7-4071-be61-37729bece0c4,Medical | Health - Medication - Administration
cf8a9a4f-beda-49e3-9992-9259960e2aba,Medical | Health - Medical Appointments
cf8a9a4f-beda-49e3-9992-9259960e2aba,Medical | Health - Medical|Health Documentation
4599b492-6ef6-47c9-9c2d-467129296920,Medical | Health - Physician Orders - Medication
340cf4c1-889c-4e70-8343-b0d5d13ea8d4,Governing Body - Reporting Requirements (Internal|External)
11ee217d-7ab7-4655-a69f-aedc309f276d,Governing Body - Training Expired
11ee217d-7ab7-4655-a69f-aedc309f276d,"Governing Body - Personnel Requirements (OIG, TB, Background, DL)"
09e8fbfa-efb3-4e9f-88bb-f4751448b5be,Medical | Health - Medical|Health Documentation
e3482417-a443-4c6e-b271-28351ea5ea0b,Person Centered Planning|Active Supports - Protocols|Procedures - Non-Medical
563de127-decc-485c-9722-2782b0becacf,"Governing Body - Personnel Requirements (OIG, TB, Background, DL)"
3ba05a72-6ca5-44a2-9f72-858a7621c13a,"Medical | Health - Nursing Services (monitoring, delegation, documentation, assessments, etc.)"
99824fca-ca38-4fed-b7ff-2f14b38f8a2b,Safety | Facilities - Equipment
cddcfcf3-32b2-4e08-9d94-691c287bc02e,Safety | Facilities - Fire|Emergency Drills
3a13a185-985f-4513-a869-2b85c2408f11,Safety | Facilities - Fire Protection
3e77b059-7eaf-41e5-a939-ccf232a85079,Safety | Facilities - Fire Protection
18ab8450-0cfe-4f59-9e3f-4cb34eb3ed2e,Governing Body - Staffing Oversight
462d6d07-fb46-452d-bc1d-2e0e0492f9ed,"Medical | Health - Nursing Services (monitoring, delegation, documentation, assessments, etc.)"
c103c4b5-99c7-4797-a70d-b9948e6725cc,Person Centered Planning|Active Supports - Active Treatment
05da108e-6b1a-4bad-904d-90a3cfdb8f66,Person Centered Planning|Active Supports - Assessments
9fb792ab-16ad-44e4-ab61-17dccfc3e3ea,Rights and Protection - Individual Rights
6ff257ac-ef32-4567-9450-8c5bd7a572ce,Rights and Protection - Individual Rights
9883e72b-b022-4498-a1fe-eb5ecd83791c,Governing Body - Quality Assurance
ce298595-0f94-4c5e-b91c-b8c2282d6c9f,Safety | Facilities - Equipment
f8e8dc7b-a8a7-424b-ad4a-63807058b217,Safety | Facilities - Infection Control
92c920c7-5dfd-4687-aaa3-9c7e7e9c3e45,"Governing Body - Personnel Requirements (OIG, TB, Background, DL)"
2143a07c-2cf7-4780-99bf-8cafe9301d0d,Medical | Health - Medication - Documentation
cebd8b85-f81a-455a-8289-9faeb6326713,Medical | Health - Medication - Documentation
124941f0-d3b4-4e92-a3ea-5b6f645fbf7b,Medical | Health - Medication - Documentation
f1bb434f-a938-469f-ae20-2365fe8e7341,Medical | Health - Medication - Expired|Discontinued
2d77f10c-e3ef-4f92-98ff-bc24f44103b6,Medical | Health - Medication - Documentation
1c3d1f11-df69-496e-aa58-cb8bf39f65d5,"Medical | Health - Nursing Services (monitoring, delegation, documentation, assessments, etc.)"
5ba0e242-ce03-418b-947c-9ec540fc4724,Medical | Health - Medication - Documentation
399a5a64-74d6-461c-9753-3d226684ae8e,Medical | Health - Medication - Documentation
418f3b17-3bb9-4570-9cc6-24abd29f250c,Medical | Health - Physician Orders - Medication
492c1d45-2240-48d1-84b5-982a2c998322,Medical | Health - Physician Orders - Medication
28484299-1449-4a76-8661-96bc9a6116b0,Medical | Health - Physician Orders - Medication
2a626ff0-ff39-4ab9-96f0-a9bc562a14ef,Medical | Health - Medication - Administration
6850e06a-af36-46a2-a443-4f3f73282fc5,Medical | Health - Physician Orders - Medication
7bb48fc0-33de-429e-98ed-c18aff589d55,"Medical | Health - Nursing Services (monitoring, delegation, documentation, assessments, etc.)"
4e67a714-48eb-496b-bc29-57e12cc04262,Medical | Health - Medical Appointments
2f11f63d-e3e8-4bdf-b0d8-d74849e7e008,"Medical | Health - Nursing Services (monitoring, delegation, documentation, assessments, etc.)"
3619b224-0a6c-4dd5-bf73-c658bcdd7c7b,"Medical | Health - Nursing Services (monitoring, delegation, documentation, assessments, etc.)"
7a82e833-84cd-44cd-91ef-92d6426ca71b,"Medical | Health - Nursing Services (monitoring, delegation, documentation, assessments, etc.)"
e3a4d867-59a3-4be6-94e7-81774255a59e,Governing Body - Training Not Present
562164de-8eed-417c-8362-5f1a49676b8c,Governing Body - Training Not Present
15bc5a42-1ffc-4e9c-9df8-1f9a072fca9a,Governing Body - Training Not Present
626bd6ba-5b0c-4dd4-b8b6-651a8926b22c,Governing Body - Training Not Present
18f0c674-3e94-4778-b21f-fbfda51b58f3,Governing Body - Training Not Present
e8fd86a5-8ec6-49c3-b56d-c4c2c0adf564,"Governing Body - Personnel Requirements (OIG, TB, Background, DL)"
dd010eda-49bf-4e23-a564-7d21f920eee5,"Medical | Health - Nursing Services (monitoring, delegation, documentation, assessments, etc.)"
d13786fd-3730-49bb-8c51-698f92fbcfce,Medical | Health - Proper Storage of Medications
d13786fd-3730-49bb-8c51-698f92fbcfce,Medical | Health - Protocols|Procedures - Medical
fe8e9cc0-ca86-470f-8dfb-4576f8427d16,Medical | Health - Medication - Documentation
ed5b4f15-35eb-43f8-9ac4-3fb362d52f8d,Medical | Health - Medication - Documentation
8d2c1d7f-8079-4f6d-a953-740b73f0420e,"Medical | Health - Nursing Services (monitoring, delegation, documentation, assessments, etc.)"
d98c9316-99ac-4b03-9a9a-1afcd501789d,Medical | Health - Protocols|Procedures - Medical
06030b53-ffb7-4c2d-a6ab-bbc559257d22,Medical | Health - Medication - Expired|Discontinued
cd504120-54eb-4f39-b944-ea9c26e29e4b,Medical | Health - Medication - Administration
a4d93c92-fce2-4a2c-bfff-1b0a2987d799,Medical | Health - Medication - Documentation
0f3e5ecf-c36a-49f5-810d-5efc9e1add22,Safety | Facilities - Fire Protection
cf1eb635-2521-48b5-b233-d28dd1b2644b,Safety | Facilities - Fire Protection
9a1813bc-5838-4c74-b9e7-4b41424ca95b,Safety | Facilities - Fire Protection
4178ee7d-1aa7-4470-85e1-ad66467729d3,Safety | Facilities - Facility|Maintenance
856b19d3-a6a4-41db-9d16-e9f0412b025a,Safety | Facilities - Emergency Planning
f89cf6c6-417b-4c61-b6a4-4188373bbde7,Safety | Facilities - Fire|Emergency Drills
d4ef8960-1b4e-451f-bb91-2c9d20325196,Safety | Facilities - Fire|Emergency Drills
b82799ea-71b4-4cbc-b301-357eac70aad8,Safety | Facilities - Fire Protection
3e853994-bd6d-4754-a615-70d45b364aef,Safety | Facilities - Fire Protection
4fcf42e9-144e-44d7-a67c-85e7a9b34bc5,Person Centered Planning|Active Supports - Formal Goal Tracking
a27a0406-c7fc-4adf-a5be-1151a9d62607,"Medical | Health - Meal Services (Menus, food handling, times, storage)"
dc21c8a6-cbdd-4401-910e-3b470c18577a,"Medical | Health - Meal Services (Menus, food handling, times, storage)"
e52ddb6b-50fd-45d6-a6e0-66062444a000,Rights and Protection - Consent - Not Present
e52ddb6b-50fd-45d6-a6e0-66062444a000,Rights and Protection - HRC|Committees
0b39f51b-ec94-4c4f-858e-afcd0d98f9a0,Governing Body - Training Not Present
e880ba89-93f0-410f-b7c0-c3d8a1d8f484,Governing Body - Training Not Present
d681d98f-bc54-4680-9366-685730328976,Rights and Protection - Dignity and Respect
e58c77ba-8d0d-4ace-ad37-4632f863e390,Person Centered Planning|Active Supports - Program Implementation
d0b8c128-24a0-40c4-a35d-9e9bd80ecbee,Safety | Facilities - Equipment
26ce8e64-a33c-4925-a603-ff16a3bcb272,Governing Body - Quality Assurance
5da738c0-54fe-4009-874e-6797e09b8292,Medical | Health - Medical Appointments
50816058-0dbf-4896-97f1-320633c9aff4,Rights and Protection - Consent - Not Present
d8341814-0cf0-44ea-9fbd-45a978703c61,Rights and Protection - HRC|Committees
cd9fa5db-955e-48bb-bd7d-3837216cca43,Governing Body - Staffing Oversight
a8827974-7374-47c1-916b-7fcfd885ac25,Rights and Protection - Investigation
70ccf730-2aff-4194-b032-d308fe4ab0f0,Medical | Health - Physician Orders - Medication
12966406-23ec-4d62-b6dc-84da1395f0de,Medical | Health - Protocols|Procedures - Medical
6460674c-2069-4331-b249-66a52a9b3d92,"Governing Body - Personnel Requirements (OIG, TB, Background, DL)"
d97a4ba9-a665-4cdf-96b8-e9c408803882,Person Centered Planning|Active Supports - Protocols|Procedures - Non-Medical
d97a4ba9-a665-4cdf-96b8-e9c408803882,Person Centered Planning|Active Supports - Program Documentation
d97a4ba9-a665-4cdf-96b8-e9c408803882,Person Centered Planning|Active Supports - Program Implementation
ab4bace8-81a1-4757-ba01-f78db0802d4c,Medical | Health - Medication - Administration
bf6b2111-1237-4086-9a44-dc9a361a8b6d,Medical | Health - Medical Appointments
9b1a8b10-2045-4e31-8e12-a5c46590629c,Medical | Health - Protocols|Procedures - Medical
ec4e719a-f549-406e-804d-86ba3a4ce82c,Medical | Health - Protocols|Procedures - Medical
f4629d28-605a-40a7-aef0-09668a8a148f,"Medical | Health - Nursing Services (monitoring, delegation, documentation, assessments, etc.)"
bfab8633-b76a-4ace-aef7-b20b58ad8c3c,"Medical | Health - Meal Services (Menus, food handling, times, storage)"
31d61b7d-5075-4b03-b144-5ee2e0162da5,"Medical | Health - Meal Services (Menus, food handling, times, storage)"
3eb17dc3-4d70-4b7e-99f9-efb944b568f3,Safety | Facilities - Emergency Planning
63e80a83-8f1e-414f-b057-ca425d14a9f4,Person Centered Planning|Active Supports - Community Integration
d3af6160-5077-4343-a055-890a234f0121,Safety | Facilities - Equipment
cc3da639-c7b9-439f-9e61-2f6d6f0ef579,Person Centered Planning|Active Supports - Person Centered Plan
cc3da639-c7b9-439f-9e61-2f6d6f0ef579,Person Centered Planning|Active Supports - Behavior Plan|Support
a53fc62f-566d-4434-8770-11fb207bf573,Governing Body - Training Not Present
ba92c7a5-8baa-4081-9d9e-05b006284d93,Medical | Health - Medical Appointments
53783a7a-a672-4875-97a0-fbd5da1f1373,Medical | Health - Medical Appointments
b91be542-7726-478e-a81e-1ff82206f6e4,Medical | Health - Medical|Health Documentation
193da485-1882-43f1-b112-18bb12c7c0a3,Governing Body - Training Practice
ce8e951b-60e0-4a20-9e50-25ed30c59c46,"Medical | Health - Meal Services (Menus, food handling, times, storage)"
ffeb140a-c4ed-49ce-b265-182b27448e67,Governing Body - Training Practice
68e5fcb2-4a95-424a-868a-d711d5e09c32,Governing Body - Training Practice
bea2c24d-ab6a-4135-b833-0b18c21788aa,Medical | Health - Protocols|Procedures - Medical
dadbc15f-ea28-430b-a8f5-499bd7e48425,Medical | Health - Physician Orders - Medication
1de0b4c9-59da-4515-894f-87c010e8ed57,Person Centered Planning|Active Supports - Program Documentation
248826bd-6fa5-42ae-aa12-19476c4abe43,Person Centered Planning|Active Supports - Behavior Plan|Support
8e90e0c8-ede1-49c0-900d-b11ba8146bd9,Safety | Facilities - Infection Control
086693f8-322a-43c7-88c5-8f1d42122779,Medical | Health - Medical|Health Documentation
2445e1a6-a808-46e8-bb1a-8b62f6750b70,Medical | Health - Medical|Health Documentation
00f9230b-2d69-4787-be86-f05ae6f221cb,Medical | Health - Medical Appointments
77fd37ec-2180-4c23-bf6e-f8b41f4a9693,Medical | Health - Physician Orders - Medication
62acbeb3-0161-44d9-8928-8a663b9b36aa,"Governing Body - Personnel Requirements (OIG, TB, Background, DL)"
69f94539-ad77-4c35-9e81-cc2658467a01,"Governing Body - Personnel Requirements (OIG, TB, Background, DL)"
05fd08c5-9bde-46b8-aa76-5394c10a8341,"Governing Body - Personnel Requirements (OIG, TB, Background, DL)"
5a4744a3-52d8-4921-9207-9cc59170a8f2,"Governing Body - Personnel Requirements (OIG, TB, Background, DL)"
906e4294-f658-420a-b1cc-70389c99ace5,"Governing Body - Personnel Requirements (OIG, TB, Background, DL)"
1e87004c-3a1d-40bf-b6d1-efec0edb51a7,"Governing Body - Personnel Requirements (OIG, TB, Background, DL)"
71f81890-2688-4a08-97f4-a1e2b9eb5417,"Governing Body - Personnel Requirements (OIG, TB, Background, DL)"
aa127b1c-1709-47e1-8b94-efb2532e9d2a,"Governing Body - Personnel Requirements (OIG, TB, Background, DL)"
daffd148-b77b-4cc0-87b6-d5bef7b80d91,"Governing Body - Personnel Requirements (OIG, TB, Background, DL)"
589fcefd-8996-462e-9169-18932a22f486,"Governing Body - Personnel Requirements (OIG, TB, Background, DL)"
713ed8e0-f89a-42ff-824d-5122b0ed13d2,"Governing Body - Personnel Requirements (OIG, TB, Background, DL)"
94d255f8-32e0-4e4a-b32c-b170f6f99e16,Medical | Health - Medical|Health Documentation
a894eb3c-358c-4343-9fe5-302fe5b7d5d9,"Medical | Health - Nursing Services (monitoring, delegation, documentation, assessments, etc.)"
f20b5aa0-f361-49f2-8de3-bbbe549df82b,"Medical | Health - Nursing Services (monitoring, delegation, documentation, assessments, etc.)"
68d82492-1d1d-4395-be9e-f46f671bd3a8,"Medical | Health - Meal Services (Menus, food handling, times, storage)"
4e8198bb-9483-4576-9b1d-796e019f1a1b,Rights and Protection - HRC|Committees
145cab06-32b8-41cd-a422-578278a00ea7,Person Centered Planning|Active Supports - Person Centered Plan
c310d750-f661-4d73-9047-2d9b79a6ffea,Safety | Facilities - Facility|Maintenance
01905fa0-ab01-4b63-80ed-91c2f2702893,Governing Body - Quality Assurance
ee64b1cc-691e-4905-8227-e2b4b750d942,"Medical | Health - Nursing Services (monitoring, delegation, documentation, assessments, etc.)"
4d975979-0797-4070-9538-e591cc830174,"Medical | Health - Nursing Services (monitoring, delegation, documentation, assessments, etc.)"
c6d386fd-d0f7-4472-9f5b-e9f2a3bf25d1,Medical | Health - Physician Orders - Medication
02874e96-6beb-4e05-9e38-e1d8ec99b275,Medical | Health - Physician Orders - Medication
6c45a761-cd49-4214-b8fd-c89b38153513,Medical | Health - Medication - Administration
bded4b5c-456a-4a25-bd22-9f9be43292af,Medical | Health - Medication - Documentation
bded4b5c-456a-4a25-bd22-9f9be43292af,Medical | Health - Medication - Expired|Discontinued
12a1a641-189c-4478-838c-510fc9034ce1,"Medical | Health - Nursing Services (monitoring, delegation, documentation, assessments, etc.)"
5a5777a9-f821-40be-96f0-5dff0bc34fb0,Medical | Health - Medication - Administration
806891bb-5b94-4484-b86a-9f05fb0e102a,Rights and Protection - Individual Rights
02402a35-0620-4ae6-a7d4-ec31c072d642,Person Centered Planning|Active Supports - Assessments
0d26ec4f-f6fe-40d4-bc0a-2c9e53ce5790,"Medical | Health - Nursing Services (monitoring, delegation, documentation, assessments, etc.)"
eda623c3-5179-496a-a7d1-9279a607c5f4,Medical | Health - Medication - Administration
065c5770-7ad8-4178-9e4f-5eb3c5c9b90b,Safety | Facilities - Facility|Maintenance
ff92aa3f-8298-47c6-b244-b90948f5bfcc,Medical | Health - Infection Control
05638d13-366c-4ac7-9f6e-ef3396471579,"Medical | Health - Meal Services (Menus, food handling, times, storage)"
6281b7b5-8426-413c-a3d5-f99b878691b9,"Medical | Health - Meal Services (Menus, food handling, times, storage)"
8e5849dc-6e4a-4a38-b8bc-56a8e13ff72e,"Medical | Health - Meal Services (Menus, food handling, times, storage)"
9ec5d5f4-3f05-4575-ad36-42321dd15806,Medical | Health - Medication - Administration
f98eb131-52ff-4ab0-a66e-b4e5515d2474,Medical | Health - Medication - Administration
4f7ed307-7081-4012-a945-8c081b91411d,"Medical | Health - Nursing Services (monitoring, delegation, documentation, assessments, etc.)"
4abc29ff-7b47-49b6-8dd3-b52fc0c4480a,Safety | Facilities - Fire Protection
79227781-1ff9-4719-b826-579c94c52569,Safety | Facilities - Fire Protection
092ab58d-a771-47c9-9d70-b63d8f9e6834,Safety | Facilities - Fire Protection
88f3d7cb-731f-48a2-b528-218410593c0b,Safety | Facilities - Fire Protection
d39b1843-3346-4629-a97b-ed849346565a,"Medical | Health - Nursing Services (monitoring, delegation, documentation, assessments, etc.)"
2f62ff39-52e4-4c1b-9282-b9435d76d982,"Medical | Health - Nursing Services (monitoring, delegation, documentation, assessments, etc.)"
f5381f25-7f6b-4d05-911d-7a31716dc14d,Medical | Health - Medical|Health Documentation
806d90e2-3d5d-48bc-8df1-7e1a91ac8635,Safety | Facilities - Equipment
06a48936-f803-4ce7-a410-ab54aaaa299b,Safety | Facilities - Facility|Maintenance
1cabf08d-eecd-47b5-89ea-176a8123cc11,Safety | Facilities - Facility|Maintenance
6ad508d7-d912-4307-8aff-21274f3ed597,Person Centered Planning|Active Supports - Program Documentation
5bd15f28-9c7b-41a2-9180-025eeff0c8c8,Safety | Facilities - Facility|Maintenance
14bf4d76-16bd-421e-b9d8-fdcc06084580,Medical | Health - Infection Control
245136f0-0140-4944-ae41-6866b9dbadc4,Safety | Facilities - Facility|Maintenance
b2cc7042-6fa4-469c-be26-c9806a6bd8e4,Rights and Protection - Consent - Not Present
321e1c9e-2d53-43bd-b3c9-b4cedcc0133f,"Medical | Health - Nursing Services (monitoring, delegation, documentation, assessments, etc.)"
2237679c-d345-4980-ab6d-95a2c9fe0029,Person Centered Planning|Active Supports - Person Centered Plan
220169e2-64ce-45ce-81d9-2fcf58a70bc3,Governing Body - Training Not Present
fd06303c-caa8-404b-bf29-d4842739fcb8,Governing Body - Training Not Present
c9516be0-8d06-45d1-83a7-c0b759bee00e,"Medical | Health - Nursing Services (monitoring, delegation, documentation, assessments, etc.)"
1b59b1b9-048f-4791-9621-3dea76f9856c,Governing Body - Training Not Present
f62e7cfb-38c4-42bd-abae-3684d3a0c20a,Medical | Health - Physician Orders - Dietary
8423fa68-6306-4b59-a096-aa5120cc6d18,Medical | Health - Medication - Administration
822ef423-ced6-4b11-aa17-7cb44d21be6a,Medical | Health - Medication - Administration
10fa3a1f-743e-451d-8763-3dc3e6d4654b,Medical | Health - Medical Appointments
182ebc71-8413-4970-b4bb-6bf61c97946b,Medical | Health - Medical Appointments
d66f60b0-3349-4b97-b7c5-1bf547e1ab20,Rights and Protection - HRC|Committees
f57073eb-8c59-4ab5-b89b-09b5daa4a721,Rights and Protection - HRC|Committees
df30664b-c856-4982-a536-de285d496148,Person Centered Planning|Active Supports - Person Centered Plan
60560efa-27cc-490f-94e1-b6436db5c232,Medical | Health - Protocols|Procedures - Medical
93235045-e6df-4a0f-bd60-725850cff22c,Person Centered Planning|Active Supports - Program Implementation
de41eaa1-bf8f-4886-b3f5-f22e10945e83,"Medical | Health - Nursing Services (monitoring, delegation, documentation, assessments, etc.)"
11b6bf99-bb9b-495c-aed6-6e968029f088,Governing Body - Policy Not Present
746b9895-4869-42db-af07-9100d3ed3ae3,Rights and Protection - Individual Rights
ec7eebe9-b25c-48c5-b4a3-709d55dd0396,Person Centered Planning|Active Supports - Program Monitoring
d1879239-fe3f-4d9b-ac52-695a94f5b3f9,Person Centered Planning|Active Supports - Assessments
5a571143-914d-4130-93f8-560d82845d28,Person Centered Planning|Active Supports - Active Treatment
6b586993-ac56-4963-85f1-48fc1e9cb181,Person Centered Planning|Active Supports - Program Implementation
00eb3030-c95e-49c6-8186-fd5b64e3d283,Person Centered Planning|Active Supports - Program Documentation
b3e3c734-4ced-40ad-98bd-fa4ff1318697,Rights and Protection - HRC|Committees
5e3fba63-c06e-40a8-ab7e-b2e07dc53dd5,"Medical | Health - Nursing Services (monitoring, delegation, documentation, assessments, etc.)"
2f599f3a-122a-476c-b417-94e03d6575ca,Medical | Health - Medical Appointments
0d8a449a-d630-49df-8b58-3065095f5349,"Medical | Health - Nursing Services (monitoring, delegation, documentation, assessments, etc.)"
ce0e3cc3-3ecd-4c26-873c-47dbe2ce504c,"Medical | Health - Nursing Services (monitoring, delegation, documentation, assessments, etc.)"
2c1f2c5d-38bc-4f92-b05d-28294cfcd853,Medical | Health - Medical|Health Documentation
815ad109-e907-4b34-8c52-d43df6ba8f41,"Medical | Health - Meal Services (Menus, food handling, times, storage)"
23c3bfa9-a82d-4623-9d63-f521870b5da3,Safety | Facilities - Fire Protection
ec2f73c7-682e-4d39-9805-eed08595414a,Safety | Facilities - Facility|Maintenance
7f0a468f-19ba-458e-8435-db312ead7920,Safety | Facilities - Facility|Maintenance
f66f526e-ab1d-45b5-9fd1-11c5e673c25b,Safety | Facilities - Facility|Maintenance
2778e199-e742-4f87-a75f-ae08c9ffa786,"Governing Body - Personnel Requirements (OIG, TB, Background, DL)"
87880d51-a872-4071-bce2-db0bfa6d53de,Governing Body - Quality Assurance
f7d2a292-362b-495b-a61a-acb416fca7c5,Person Centered Planning|Active Supports - Program Monitoring
02c40fe4-d992-4b42-bf35-20a091477e6e,Person Centered Planning|Active Supports - Program Documentation
888d7ae1-e27a-4061-a955-7925b981f51f,"Governing Body - Personnel Requirements (OIG, TB, Background, DL)"
80d8bfe1-8ff6-43d1-bf8c-a38dbefde886,Safety | Facilities - Facility|Maintenance
19791954-29e0-4140-96df-19e8d79aa961,"Medical | Health - Meal Services (Menus, food handling, times, storage)"
894d2cd1-0932-404d-824b-2e3b188f387d,Safety | Facilities - Equipment
c5055bcc-8129-4d71-89e2-dd7a02a42b86,Medical | Health - Medication - Administration
c6d5dffe-8cef-4cff-9595-0d516d24a3ab,Medical | Health - Medication - Not Present
4a4aba62-7a21-4a51-8d69-c61fdc9e4481,"Medical | Health - Nursing Services (monitoring, delegation, documentation, assessments, etc.)"
879297ec-0019-4756-b119-e266226f5c0b,"Medical | Health - Nursing Services (monitoring, delegation, documentation, assessments, etc.)"
81d7190f-7442-47d7-b5d7-ff7a8757d99a,Person Centered Planning|Active Supports - Active Treatment
85165878-cdd6-4c7d-b591-20d3093677af,Governing Body - Training Not Present
78e5a481-1266-41d2-8590-4913918dba29,Governing Body - Staff Resources
0e20cdd6-807e-40f8-89f6-5ea0397893e1,Person Centered Planning|Active Supports - Program Implementation
a6ffc93d-e767-4a8f-a76f-db949cc70a96,Medical | Health - Medical|Health Documentation
f2601fab-0c4a-4e09-8ec3-abdb9439e7fb,Safety | Facilities - Emergency Planning
47e80f65-ed0a-40f4-9c26-0a00b5bb7508,Safety | Facilities - Emergency Planning
8bf6e010-7aa9-4765-a420-bc8c300e7a2f,Safety | Facilities - Emergency Planning
ce60cc87-6265-4df3-a751-f9330988318f,Safety | Facilities - Emergency Planning
6832889e-ab55-4127-80dc-2d36280029ea,Safety | Facilities - Emergency Planning
30853f00-80d0-4048-8b74-174a99e03acf,Safety | Facilities - Fire Protection
3eb3fcd5-c1d3-43a0-aa37-df82adc12147,Safety | Facilities - Fire Protection
86f2361b-f830-4072-b0fb-c624a2693041,Safety | Facilities - Facility|Maintenance
04af4c70-6403-4f91-afda-c0d80ef280fe,Safety | Facilities - Facility|Maintenance
7d38607a-5786-40a8-a49e-0f408f2846df,Safety | Facilities - Facility|Maintenance
0cb8fa76-5645-4131-bf7c-9151feffd527,Rights and Protection - Individual Rights
c2b8ff4e-b06f-4cba-a242-7508362a6550,Person Centered Planning|Active Supports - Assessments
79a3715b-9ee8-4d5a-a725-ecfcc450e8a8,"Medical | Health - Nursing Services (monitoring, delegation, documentation, assessments, etc.)"
a5c95243-35fc-42e6-833c-c416d9fe72b5,"Medical | Health - Nursing Services (monitoring, delegation, documentation, assessments, etc.)"
8e8a1144-917b-4e7c-a9ea-f63fcf296746,Safety | Facilities - Fire|Emergency Drills
61030605-0c7b-4d4b-ae7f-84551f319c89,Safety | Facilities - Infection Control
7111cca3-a88b-4fc5-b6b6-f07bee2fa51f,"Medical | Health - Meal Services (Menus, food handling, times, storage)"
4ee9f946-2569-448b-a3ff-73520ccd3777,"Medical | Health - Meal Services (Menus, food handling, times, storage)"
9b7f23ee-e957-49a8-a877-aa48747227ac,Safety | Facilities - Fire Protection
9f179079-c402-45b8-a934-c42b8efac2f4,Safety | Facilities - Fire Protection
caf77d7d-f69c-4540-89c3-4413c999e857,Safety | Facilities - Emergency Planning
bedbc819-3136-4e99-ac2d-ecc10529a09c,Safety | Facilities - Emergency Planning
c1596e67-1f9b-4009-afa6-602242e34817,Safety | Facilities - Emergency Planning
f0cccd30-1ffa-4925-b564-992adf6efd78,Safety | Facilities - Emergency Planning
51c8613c-72b0-4df8-a390-0fa40221e8cc,Safety | Facilities - Facility|Maintenance
e4c32770-5936-4620-92bd-c657f94965b6,Medical | Health - Infection Control
f357f55f-dcba-4f21-a178-a2ae3453465d,Governing Body - Training Not Present
f6d6439e-0e38-4e06-9e64-144152eebf3f,Medical | Health - Medical Appointments
4b62f9e9-ceee-4ee2-b5b9-ff113ddd46c9,Medical | Health - Medication - Administration
7931e154-293d-4337-89f9-470e1f27dcfe,Medical | Health - Medication - Administration
7f2d8848-021b-41dd-9db1-ec5cd21c0700,Medical | Health - Medication - Administration
23bb5c4e-8b9f-453d-bd26-a732aa9b79f1,Safety | Facilities - Fire Protection
ed91682e-1423-4fc0-901d-cdbaa5e7a2a5,Person Centered Planning|Active Supports - Person Centered Plan
ed91682e-1423-4fc0-901d-cdbaa5e7a2a5,Person Centered Planning|Active Supports - Assessments
42696496-5c36-405e-8a10-624b80a011d5,Rights and Protection - Incident Reporting
8c36e2a7-4fe4-413f-af04-e909682d4096,"Medical | Health - Nursing Services (monitoring, delegation, documentation, assessments, etc.)"
f618eda1-d495-4377-bec0-aa2b70b0fade,Medical | Health - Medication - Administration
d48fa8f6-e110-4fb3-a41a-a3796d4dfd07,Medical | Health - Medication - Administration
1021764e-8557-4e8f-a22f-8e9ed3b891d9,"Medical | Health - Meal Services (Menus, food handling, times, storage)"
ac9deb99-f92a-4faa-809a-8acc7fd4da41,Safety | Facilities - Facility|Maintenance
49956159-0961-4922-91fc-7f92510d9887,Rights and Protection - Individual Rights
8c2b8fc6-4ec8-42a0-bcd0-a69e503da298,Person Centered Planning|Active Supports - Person Centered Plan
8c2b8fc6-4ec8-42a0-bcd0-a69e503da298,Person Centered Planning|Active Supports - Assessments
e168bf10-eacb-4e2a-bca3-9f30b4e435f2,Person Centered Planning|Active Supports - Person Centered Plan
e168bf10-eacb-4e2a-bca3-9f30b4e435f2,Person Centered Planning|Active Supports - Assessments
5efd3157-d551-4206-ad48-a2d237ff3e06,Person Centered Planning|Active Supports - Person Centered Plan
5efd3157-d551-4206-ad48-a2d237ff3e06,Person Centered Planning|Active Supports - Assessments
8e76efc4-1afc-491f-9c17-609422a7f93e,Person Centered Planning|Active Supports - Person Centered Plan
8e76efc4-1afc-491f-9c17-609422a7f93e,Person Centered Planning|Active Supports - Assessments
6b97a855-5770-434f-a4a8-195add47d18b,Person Centered Planning|Active Supports - Person Centered Plan
114c227e-4216-4a31-b393-7c7a4710504e,Person Centered Planning|Active Supports - Person Centered Plan
19499e96-ad71-4973-a1ef-bc30dc6ed324,Person Centered Planning|Active Supports - Behavior Plan|Support
bd191a2f-31bd-4e03-85d3-189447bc0d80,Person Centered Planning|Active Supports - Behavior Plan|Support
5bc178fa-fc21-493e-80e4-ea2788033c4b,"Medical | Health - Nursing Services (monitoring, delegation, documentation, assessments, etc.)"
97384391-3004-4e72-a2dc-f30e1c733f63,"Medical | Health - Nursing Services (monitoring, delegation, documentation, assessments, etc.)"
16f10b41-ffad-4fef-b2cc-ac2104cda313,Medical | Health - Proper Storage of Medications
c970e406-f25f-49b2-a070-ff3b3a02f867,Safety | Facilities - Infection Control
83ae37ea-5e35-4292-b61a-af06dd73d9c9,Safety | Facilities - Infection Control
83ae37ea-5e35-4292-b61a-af06dd73d9c9,Medical | Health - Infection Control
089548ab-de32-44ca-add7-f3b946f14b49,"Medical | Health - Meal Services (Menus, food handling, times, storage)"
048fe9bb-b991-41b0-a704-fec8b3810ea9,"Medical | Health - Meal Services (Menus, food handling, times, storage)"
cbd3992c-725d-4de7-ac69-0f8b0a4360d2,Governing Body - Quality Assurance
a6c6af17-7092-4893-8755-2ad21eabd43b,Governing Body - Quality Assurance
b47c2339-4533-4ed4-9b13-2510fa8cf3f1,Governing Body - Quality Assurance
828beffd-927b-4b5b-b070-d746ba4a477c,Governing Body - Quality Assurance
e9f2d3bd-3d02-4e31-8a97-d1c591d61472,Governing Body - Quality Assurance
6b89d4d4-3ebe-4b5e-9d45-ac80285ccd28,Governing Body - Quality Assurance
880d0a7f-3f81-4883-8ca8-dfd57ae8bff4,Governing Body - Quality Assurance
0f72614f-45cf-4bf2-a06b-e2bd0fe63df7,Governing Body - Quality Assurance
3af15962-0efd-4481-a73e-6cf4f70388e9,Governing Body - Quality Assurance
1ec9dd94-87f5-4e3f-9480-5345368d299e,Governing Body - Quality Assurance
59afef0c-b938-4f13-b91f-5882c28f0cbb,Governing Body - Quality Assurance
5b66e42b-829a-4836-bd3d-a82e3c5b9a94,Governing Body - Quality Assurance
78c2e8b0-a7dd-46a0-a3de-5862100a407d,Governing Body - Quality Assurance
c713a852-dfee-4a08-86e0-ab991d3887fb,Governing Body - Quality Assurance
1589a739-6ecd-492a-8c56-977cca314255,Governing Body - Quality Assurance
72335943-20f4-42a2-86ea-d7d8d2cf813e,Governing Body - Quality Assurance
2cb79169-2f32-4b18-853c-369be91639fb,Governing Body - Quality Assurance
b30c3304-f81c-4ddb-8576-c1781ed39e3e,Governing Body - Quality Assurance
0ed1b141-766b-4af4-a570-9f9d1c9a5b25,Governing Body - Quality Assurance
d84b2d55-2ebf-4cb3-911d-730828c2fbb9,Governing Body - Quality Assurance
e736cd74-04db-4c43-ae23-73e00cc0b9cc,Governing Body - Quality Assurance
7880bfb2-0550-41a0-b19e-81cff6c7c3c7,Governing Body - Quality Assurance
f59a436f-a39a-4e89-b7be-3c3647880401,Governing Body - Quality Assurance
d95e58db-15f6-4eca-bc0f-4c97600d2746,Governing Body - Quality Assurance
3e432024-2d48-4fb1-bd63-a05ce9636d59,Rights and Protection - Individual Rights
5168a139-381f-46c4-b310-e8cf9d459bb7,Safety | Facilities - Facility|Maintenance
2b71e553-10ff-46b3-b8ee-c117b8d1943a,Medical | Health - Proper Storage of Medications
e63758e9-7921-4db7-a396-35b2d5cf65eb,Medical | Health - Protocols|Procedures - Medical
4d0385d6-5fe2-4e9b-9a10-52751a4dbbab,Medical | Health - Protocols|Procedures - Medical
7f4420cc-e16b-46de-838c-e244f5847542,Medical | Health - Medical Appointments
0e382825-b929-49c7-84b1-d7cfe3894198,Medical | Health - Medical|Health Documentation
19feb67d-1b17-41f0-b73e-35e37bd89898,Governing Body - Training Expired
a01453b0-a7b7-4305-8b34-4266d413e556,Medical | Health - Medication - Documentation
2960a9e6-f90e-4c53-8c4f-f6d4914e5aca,Medical | Health - Medical|Health Documentation
1c15b55d-841b-4383-98aa-08693d1edfe9,Medical | Health - Medical Appointments
a43b5ebb-e622-487d-9691-fdc110f7980f,Medical | Health - Medication - Administration
77580ae7-99fe-42f2-abf3-6d720027bfc2,Medical | Health - Protocols|Procedures - Medical
7a3850f7-92b2-44ad-ba25-b4781d5e984f,Financial - Accounting|Management of Personal Funds and Property
07762ad5-2926-4ad8-88eb-7abf4abcc103,"Medical | Health - Nursing Services (monitoring, delegation, documentation, assessments, etc.)"
77c6a500-f6a2-4b15-965a-5b3155726432,Person Centered Planning|Active Supports - Program Documentation
8bd5db42-f522-4635-8fe4-a9b55880a207,Governing Body - Quality Assurance
dc0a460e-fe63-4d59-aa67-6c459edb18f4,Rights and Protection - Incident Reporting
8ba9590f-41d2-4968-a844-0c6c8c70f218,Safety | Facilities - Facility|Maintenance
9a028d70-2bca-43d0-9787-3d4132ac5fe0,Governing Body - Quality Assurance
82589d84-0745-4487-b9f4-54108fa7ef6a,Medical | Health - Medication - Administration
b3146c7b-e37b-43a9-9a64-d481c0999bd3,Medical | Health - Medication - Administration
3fd8d2d7-7da6-47c3-ae0b-5f0fd3d64296,Safety | Facilities - Emergency Planning
06a3c121-0247-4740-8c25-304adfcc2292,Governing Body - Quality Assurance
3f29e5b9-3660-4aec-8192-a2b3123f5138,Governing Body - Quality Assurance
2eef8278-4e3d-429c-ada4-e7ed05dfed44,Governing Body - Quality Assurance
1ef3bf47-fb0c-4b61-97cd-f31d84be20ea,Safety | Facilities - Facility|Maintenance
9796b506-e79a-4b5d-b330-00d13f8e60e9,Safety | Facilities - Facility|Maintenance
bb861aae-3a66-47fd-969e-73d216245a24,Safety | Facilities - Emergency Planning
a919326f-02c8-4672-a999-53e4cc66590a,Safety | Facilities - Emergency Planning
f09a6b4f-722c-4ae4-aea0-8bb950f04b2c,Medical | Health - Medication - Administration
079aba61-6331-41b2-9132-4a5e35a707a0,"Governing Body - Personnel Requirements (OIG, TB, Background, DL)"
d92b760f-a213-40a1-9e10-74f34119c02f,Rights and Protection - Consent - Not Present
f68c174a-2567-4f83-ae34-175abc8b278f,"Governing Body - Personnel Requirements (OIG, TB, Background, DL)"
7f4aa1f1-0f53-43bb-b52d-8a1ecde87445,"Governing Body - Personnel Requirements (OIG, TB, Background, DL)"
fd19a022-3db9-44ff-bed4-fcc54581b74c,Governing Body - Quality Assurance
b5b0ebd4-58f2-490a-bcb9-d47382e01b6d,Governing Body - Quality Assurance
fb14d102-9ee4-4c71-89d7-0a8af787f824,Governing Body - Quality Assurance
0e00ea3e-4f9c-40ac-8263-ffd786d45c20,Governing Body - Quality Assurance
c5f1dce0-a944-47f7-9482-ffb3dce0dc4c,Governing Body - Quality Assurance
7b3d622b-5892-4ac6-96bc-5d3388af1b00,Governing Body - Quality Assurance
023ab35d-1a39-49e5-b42f-c9d264d6bc12,Governing Body - Quality Assurance
79cb65a8-874c-44d7-90c9-c6cdde421107,Governing Body - Quality Assurance
a2aac52f-8fd3-40e9-9f94-135d8aa7cca0,Governing Body - Quality Assurance
965a4d4d-3ae4-4c9b-a050-5dbb69c15326,Governing Body - Quality Assurance
ca76d158-a3e7-4ad4-a204-6298cb8c1c90,Governing Body - Quality Assurance
90a6810f-e480-4dea-92d8-943227933ab0,Governing Body - Quality Assurance
48b2627c-ccd2-46e7-9f48-548ebf8ed950,Governing Body - Quality Assurance
99d68801-e8c5-48f6-bd42-485517ee268f,Governing Body - Quality Assurance
d7e16b6a-e1dd-4eb7-993a-27d13ad949f8,Governing Body - Quality Assurance
18ae3c53-d656-4ae3-b119-2e428812ce9b,Governing Body - Quality Assurance
d3595a5d-a609-4674-b04d-a5872e232765,Safety | Facilities - Facility|Maintenance
4ecd17dd-7de2-407c-8dc8-e7c580172326,Safety | Facilities - Facility|Maintenance
6a0d20f2-09e1-43f7-9cf8-4411f0570609,Safety | Facilities - Facility|Maintenance
d4b40cf6-59ad-4f92-b5e5-6877434dff76,Safety | Facilities - Facility|Maintenance
1e749c3f-8321-46ed-b23c-77374b9e1e1c,Safety | Facilities - Facility|Maintenance
0530a738-9cae-4ae0-900b-35979c3807b0,Governing Body - Training Not Present
76d756d6-656b-495a-b328-c12d4c4ae4bc,Medical | Health - Medical|Health Documentation
70bef5be-e7db-4fb1-9fda-3ba97d5bc677,Medical | Health - Physician Orders - Medication
049dc471-61aa-4f6a-9022-f443e6bc1ea8,Medical | Health - Medical|Health Documentation
30a5023e-17d6-41d1-97be-552bf26d9343,"Medical | Health - Nursing Services (monitoring, delegation, documentation, assessments, etc.)"
b64db89a-4ddc-4505-9429-5344d4d8dbb0,Person Centered Planning|Active Supports - Protocols|Procedures - Non-Medical
1a42dd09-8da3-49b2-bfef-4e5c22949d34,Rights and Protection - Individual Rights
e291d7bc-7082-45eb-bd13-83a40013d900,Safety | Facilities - Facility|Maintenance
6f2ecfa8-28ed-4cad-8fa3-a92e22263212,Safety | Facilities - Emergency Planning
654d11e5-0715-4b3e-9000-80f3f1e42b9a,Safety | Facilities - Emergency Planning
c17be8bf-c5cd-429d-9133-ea3dab8ed2f4,Safety | Facilities - Emergency Planning
a3cf69f3-cbf7-4399-a5fc-5d02be9a88fd,Safety | Facilities - Fire|Emergency Drills
95464663-b61f-499d-99fc-2915f397b94f,Medical | Health - Medication - Not Present
16b9ae2c-e93d-4fb4-9d2b-dc2f60e97088,Safety | Facilities - Facility|Maintenance
1597ff58-7182-4844-ae19-b7fee6320382,Medical | Health - Medication - Documentation
1597ff58-7182-4844-ae19-b7fee6320382,Medical | Health - Medical|Health Documentation
2ca41f5d-0512-483a-81e0-d6463624f208,Safety | Facilities - Infection Control
f9e7ddc5-0b75-4aac-a167-934c7574f2a6,Person Centered Planning|Active Supports - Protocols|Procedures - Non-Medical
cbf7da4c-cbdd-4a60-9297-b80abf4df833,Safety | Facilities - Fire Protection
cbf7da4c-cbdd-4a60-9297-b80abf4df833,Safety | Facilities - Facility|Maintenance
87bc28b5-33a6-4eca-ac04-ed4abca67836,Safety | Facilities - Fire|Emergency Drills
c30ef0c5-8561-491c-849f-2382ecc9313e,Governing Body - Quality Assurance
63e432f2-5d6d-41e1-b5c8-8766c8bda3cf,Governing Body - Quality Assurance
99d4de4b-364d-4572-98c3-88c62070e562,Governing Body - Quality Assurance
d5465f8f-2443-4690-91c1-2f6fae9a541a,Governing Body - Quality Assurance
3b0a73f5-0e57-41e6-80be-610dc4c99175,Governing Body - Quality Assurance
6a94994d-c2e7-4089-a850-0d020735c127,Governing Body - Quality Assurance
6dd60513-6a75-444e-9098-36bcb400e840,Governing Body - Quality Assurance
754b0a0a-5a79-4ab5-b8ee-cafc97946639,Governing Body - Quality Assurance
52e28e56-76bb-45f6-aa72-74aac6a327a9,Governing Body - Quality Assurance
97c90cbb-f0bb-4ba1-8d36-9a7fb13ed7ed,Governing Body - Quality Assurance
7a08376c-2364-463f-a06d-bf22885b6a18,Governing Body - Quality Assurance
732af18e-8780-4292-81d7-c864f9082138,Governing Body - Quality Assurance
19434fe4-5811-4836-aac6-3e82095d287d,Financial - Accounting|Management of Personal Funds and Property
e7aed170-59a6-4e35-bd3f-cabcecf724e5,Financial - Accounting|Management of Personal Funds and Property
b45c7ce0-6467-476f-a997-e58f11262be0,Safety | Facilities - Infection Control
2ab0152d-2247-45d6-b0d7-fdf625ba456e,Medical | Health - Medication - Administration
ecdc0ec3-2a9c-4d3c-90e3-1c105b8cd80c,Governing Body - Quality Assurance
dc1a16d6-5a50-44e5-858c-953af3689d5f,Governing Body - Quality Assurance
536f7d4f-8b58-4fa4-8161-923228b08ba1,Governing Body - Quality Assurance
d7e37666-7734-4aac-bc7c-ec2d41b9bdef,Governing Body - Quality Assurance
bf91ccb6-4624-4a15-91e1-ec0fb7353973,Governing Body - Quality Assurance
9a4d9773-d5ed-4d1b-ba8f-755c7acbf483,Governing Body - Quality Assurance
12862dc0-4ff6-4390-851d-a7168ed73e3f,Governing Body - Quality Assurance
ab62128f-bc52-4f2e-a68a-8deedca2f8bc,Governing Body - Quality Assurance
49f3320d-549a-4325-8cfd-8c6cf41fc2dd,Governing Body - Quality Assurance
d97eae1e-79cc-4aeb-b6bd-6e3c5b5a7b39,Governing Body - Quality Assurance
10df85bf-84ce-4eef-913d-7a6688885800,Governing Body - Quality Assurance
87713f48-f188-4acd-80da-0e1d301890ed,Governing Body - Quality Assurance
69f2c2ec-a178-4f9c-8be6-0217341c1b77,Governing Body - Quality Assurance
9633c696-c3be-480c-977f-86fc66844edf,Governing Body - Quality Assurance
c54fb48c-c9fd-4010-a356-b690e64cc57e,Governing Body - Quality Assurance
aeb2709a-0035-49f6-bdc7-ec6dc07d1247,Governing Body - Quality Assurance
550e627b-f431-468f-95ae-5d2cddafba0b,Governing Body - Quality Assurance
479a7027-8d2a-4247-aa75-ab570bfc06b3,Governing Body - Quality Assurance
41d335cf-6117-4125-a266-4f7eb855c68c,Governing Body - Quality Assurance
dd25c1f5-662f-453a-9c1b-f5b4532a9fd0,Governing Body - Quality Assurance
03b0db70-0bbb-419a-9769-407d305bcfa2,Governing Body - Quality Assurance
92602462-dd70-495a-9c37-8bc7a766db9d,Governing Body - Quality Assurance
65a9b9a3-61d8-4d1b-bf7a-8649dbc8fe86,Governing Body - Quality Assurance
706f164b-e5e8-4d8b-a353-135538d2cad8,Governing Body - Quality Assurance
da4bd59c-0545-4dad-9c45-401a2efdc17b,Governing Body - Quality Assurance
a14e8522-296a-405a-bcef-ec620dffa4e9,Governing Body - Quality Assurance
79c3f020-77b4-46ec-ba50-90b3ad91e88c,Governing Body - Quality Assurance
b2d36285-0dba-4dc9-adf0-1172990c4363,Governing Body - Quality Assurance
2cf09503-2c87-4ba7-a088-e86fbc81bfe1,Governing Body - Training Expired
06959787-1c7d-4be2-bf3a-e19b165bb6e6,Governing Body - Training Expired
ee1ef9cb-978b-42c8-b1a6-054c5b7f6909,Governing Body - Reporting Requirements (Internal|External)
ac53119f-53db-4ec0-9b36-1483a8d45027,Medical | Health - Medical|Health Documentation
4b947ec6-9c71-4830-939a-ec9149e3d72b,Governing Body - Quality Assurance
77d6fbfc-cf4c-4638-84dc-1f12e4229193,Governing Body - Quality Assurance
ffe7bda8-ef55-4bfa-a381-eaa644b3e128,Person Centered Planning|Active Supports - Program Documentation
ae691b85-9219-4cae-aa39-ea0d438fd50b,Governing Body - Training Not Present
e7c4f95a-b888-400e-9970-e1257aeb3498,Person Centered Planning|Active Supports - Program Documentation
d0822c18-b037-40ee-aa71-62be991aabf2,"Medical | Health - Meal Services (Menus, food handling, times, storage)"
21298e62-ab27-497e-ae2c-ef77ae3054f2,Medical | Health - Medical|Health Documentation
6bfde905-0e15-4d5c-8142-070abc357e06,Financial - Accounting|Management of Personal Funds and Property
1e8e7e96-84a1-4e46-b56a-34caf8c656eb,Safety | Facilities - Equipment
f09c0d3c-e6a1-4e21-bfdc-3138f23dced8,"Medical | Health - Meal Services (Menus, food handling, times, storage)"
84f33b7d-0a66-4970-aca3-a9d7998b1550,Safety | Facilities - Emergency Planning
0c99d432-1e2d-49e0-9a96-0d3f3b8140ed,Safety | Facilities - Facility|Maintenance
c1429338-578e-4383-8137-d574137177ea,Safety | Facilities - Fire|Emergency Drills
b2df3166-f8c9-4d24-925d-c81fe197def3,Safety | Facilities - Fire Protection
8bdb2904-f183-4a34-bcf5-badbd4fb65da,Safety | Facilities - Equipment
8bdb2904-f183-4a34-bcf5-badbd4fb65da,Safety | Facilities - Facility|Maintenance
c3635291-8687-4151-a86a-bc87e7038303,Person Centered Planning|Active Supports - Program Documentation
c3635291-8687-4151-a86a-bc87e7038303,Governing Body - Training Not Present
0c58f5a6-d1ef-4b24-ba76-75861c35aae0,Governing Body - Training Not Present
12670f9d-8dc7-42c9-97a3-258f232a8c54,Governing Body - Staff Resources
633ad8f2-ab6c-418b-a34e-971a094d72b1,Safety | Facilities - Equipment
3bbc58d2-838f-45f9-a728-80b7cfb8098b,Safety | Facilities - Emergency Planning
d1ced016-a4f6-4a93-b1c5-a7cb68a349a4,Safety | Facilities - Facility|Maintenance
44d990b0-a2e7-4e7f-88a2-bf9c228320be,Safety | Facilities - Facility|Maintenance
ace230af-909c-411a-91a3-1e141fa00858,Safety | Facilities - Facility|Maintenance
eb58ed4c-15a4-440d-88fa-e8313188fb47,Safety | Facilities - Facility|Maintenance
f321f50f-eb9b-4d15-839c-89d4047bc9c2,Safety | Facilities - Facility|Maintenance
7fe100ed-282a-49df-b7fe-8870a9870577,Safety | Facilities - Facility|Maintenance
3428b367-9216-46d9-bf0e-3fbc548ae0cb,Safety | Facilities - Equipment
2966c6bf-aff0-40a2-b8e0-f9abed74d64a,Safety | Facilities - Facility|Maintenance
cef73a61-b42f-42df-897e-a4b2348cbb8a,Safety | Facilities - Equipment
448365af-77ba-43e8-9497-56c7eb5b1d43,Safety | Facilities - Fire Protection
4dc848ea-5a49-4233-8e98-01a6cfb33856,Safety | Facilities - Infection Control
12eac104-6aff-45e6-8787-6dd594465b59,Safety | Facilities - Facility|Maintenance
028ee716-6754-450b-9ba6-cdfe84e2eb89,Safety | Facilities - Equipment
db918d8a-e6a3-4666-9ae4-4db8d203fa95,"Medical | Health - Meal Services (Menus, food handling, times, storage)"
78e4b603-53ad-4668-bb76-ea81b91201c1,Financial - Accounting|Management of Personal Funds and Property
88ca6b12-75c8-46d2-82e2-ab1bf4a0607c,Medical | Health - Medical Appointments
5f6113cb-0826-44df-9c46-e727a18a2ba5,Safety | Facilities - Equipment
a2f07d0b-a9b5-440f-b1b4-cf3bd84b5952,Safety | Facilities - Facility|Maintenance
4633929f-1285-443b-b7c9-7e216fe7c92d,Safety | Facilities - Equipment
62dcf52f-6c10-4d90-874c-67e8acdab5aa,Financial - Accounting|Management of Personal Funds and Property
9a0dc76d-1716-49a4-808e-2c726023ad20,Medical | Health - Infection Control
9a065f75-9e28-40d1-b377-87dd3d2a20fa,"Medical | Health - Meal Services (Menus, food handling, times, storage)"
68ce8fcd-6701-4699-a057-cae931f3b6dd,"Medical | Health - Meal Services (Menus, food handling, times, storage)"
9a224476-f232-45ef-9905-9cd313308033,Safety | Facilities - Equipment
b6876d86-e519-4814-bb5b-b365ade4ebd3,Safety | Facilities - Fire Protection
b6876d86-e519-4814-bb5b-b365ade4ebd3,Safety | Facilities - Equipment
2e7e06e1-0ff9-435e-b167-681253b5ebb7,Safety | Facilities - Fire|Emergency Drills
771fd832-b7e0-4d2a-beb0-bdd825b32590,Safety | Facilities - Facility|Maintenance
137e3458-8d42-4c26-81ad-f8bce811e32f,Safety | Facilities - Equipment
d20ff459-9029-40ba-963b-9b0fb950ceac,Safety | Facilities - Equipment
8ef6b2ac-025d-4480-8cbc-4dfa5b167d2e,Safety | Facilities - Facility|Maintenance
7143982a-2894-479f-ab01-60cac98c173c,Safety | Facilities - Facility|Maintenance
4db45a50-8c4f-4f7b-8507-e7740d8fc106,Safety | Facilities - Facility|Maintenance
acac816c-c530-4de2-8406-344946c51df7,Safety | Facilities - Equipment
313ba2aa-8923-473b-a88b-afcdfee10db2,Medical | Health - Medication - Documentation
b1ffc801-0a4c-44d3-b1a8-827e2cb7d219,Governing Body - Quality Assurance
165ee909-74f0-4c8b-9465-4f51d17d69fe,Person Centered Planning|Active Supports - Protocols|Procedures - Non-Medical
f2572b1a-d6b8-4c73-a366-10b0d0db2668,Medical | Health - Medication - Administration
f2572b1a-d6b8-4c73-a366-10b0d0db2668,Medical | Health - Proper Storage of Medications
f2572b1a-d6b8-4c73-a366-10b0d0db2668,Medical | Health - Protocols|Procedures - Medical
38dff5f5-8fc8-4b10-b54b-c12f1c48d4bc,Medical | Health - Physician Orders - Medication
38dff5f5-8fc8-4b10-b54b-c12f1c48d4bc,Medical | Health - Medication - Administration
38dff5f5-8fc8-4b10-b54b-c12f1c48d4bc,Medical | Health - Medication - Documentation
38dff5f5-8fc8-4b10-b54b-c12f1c48d4bc,Medical | Health - Medication - Not Present
a4648586-024c-494a-8d43-ef4a8435172e,Governing Body - Training Not Present
9d91c336-e6d1-436b-ba21-1125440055d6,"Governing Body - Personnel Requirements (OIG, TB, Background, DL)"
d7c9bd4d-0372-4924-955e-e0430e9902fe,Medical | Health - Medical|Health Documentation
c9f5d714-25e7-48e0-b119-d899db40af64,Safety | Facilities - Equipment
a0c5be20-3ac3-4378-aef0-18c175837e8c,Medical | Health - Physician Orders - Medication
5b55eb60-4349-4ec5-a411-330bac2a2bc1,Governing Body - Quality Assurance
b5ba4789-250a-49d3-a51c-d5a55c34424f,Safety | Facilities - Emergency Planning
2b98a6be-7572-49e6-9c43-39be8d7fabb0,Safety | Facilities - Emergency Planning
1f7728a4-edca-469f-97d7-58689acdb9df,Safety | Facilities - Emergency Planning
bd565098-7b41-4251-b2f5-c5c20f0e6e04,Safety | Facilities - Emergency Planning
686832d2-4020-4b85-82de-0502017196d3,Medical | Health - Medical Appointments
29524c67-203c-4e7d-9ec3-079c77619471,Medical | Health - Medical|Health Documentation
d921a6df-4032-4c83-aca4-1991027cc49f,Medical | Health - Medical|Health Documentation
febec0a8-ef63-4b4a-b21f-5db28da7e604,Rights and Protection - Incident Reporting
8a0c8994-2869-4628-b517-802deefc929c,"Medical | Health - Meal Services (Menus, food handling, times, storage)"
e2dc72cd-90eb-4a07-9128-b1c092ef19d9,"Governing Body - Personnel Requirements (OIG, TB, Background, DL)"
b246873c-ecfa-430e-9639-ba99652a3149,"Medical | Health - Meal Services (Menus, food handling, times, storage)"
6ad61cb5-f1b8-4b53-918a-7fedb0ece0a8,Medical | Health - Infection Control
3b2ad2cc-d871-4bc5-b026-f6ee9854bbb1,Safety | Facilities - Facility|Maintenance
ce390c89-09ec-44fc-86de-3da66d1f6e7d,"Governing Body - Personnel Requirements (OIG, TB, Background, DL)"
ebc2314b-c6c3-4fc3-b5d6-d7af2a1488a3,Rights and Protection - Incident Reporting
5afc1432-fb9c-4b30-a829-38464ee1e44c,Rights and Protection - Incident Reporting
48f61c86-4ac4-4113-a869-9e927c219ef8,"Governing Body - Personnel Requirements (OIG, TB, Background, DL)"
b714652e-32ef-4f67-9314-d3dd0b2b518a,Medical | Health - Medical|Health Documentation
24d3e292-aef5-4f54-83a5-2003c2c87585,Medical | Health - Medication - Administration
8585979e-64a3-4051-93e0-5784d7beb337,Medical | Health - Infection Control
54adb78f-c5c2-40fe-9bbb-587d025fdcbe,Safety | Facilities - Fire Protection
1a264084-a7ac-44ff-9e82-8747ca45883d,Safety | Facilities - Equipment
f6075d4f-7c11-47db-8d7e-96dba7b451bf,Safety | Facilities - Facility|Maintenance
a89bc359-5836-451f-9965-9dc44f2dbc5e,Person Centered Planning|Active Supports - Assessments
91b96c88-1b3f-42a2-a2fe-96c5fddbb660,Medical | Health - Medical Appointments
684d498f-dbb8-4f13-b3d5-51155b4153bd,Medical | Health - Medication - Administration
0d61aae6-ef0c-4de6-9a19-794bf208a807,Governing Body - Reporting Requirements (Internal|External)
6c5bea1a-dd48-4a2d-86db-f8f54d4917fc,"Medical | Health - Meal Services (Menus, food handling, times, storage)"
dc158125-7d73-451c-9542-034b2670f334,Medical | Health - Medical Appointments
686832d2-4020-4b85-82de-0502017196d3,Medical | Health - Medical|Health Documentation
19eeec2d-d8a6-4cd5-8fad-26573e332135,Safety | Facilities - Facility|Maintenance
8deded86-dd8f-4d2c-a751-14c6a9f43bea,"Medical | Health - Meal Services (Menus, food handling, times, storage)"
1e7df9e2-a143-495c-a190-135bc58bb22f,Medical | Health - Medical Appointments
1e7df9e2-a143-495c-a190-135bc58bb22f,Medical | Health - Medical|Health Documentation
ff73656e-13b2-41da-a0c6-343fe1377595,"Governing Body - Personnel Requirements (OIG, TB, Background, DL)"
afe6214a-e151-4451-b300-d3646af3adb5,Person Centered Planning|Active Supports - Active Treatment
0784f979-9760-42bd-a71e-a2fe52f97621,"Medical | Health - Meal Services (Menus, food handling, times, storage)"
8757a221-7976-478b-9ad2-c5e6047c2cbe,Medical | Health - Infection Control
098033da-cfa7-484a-ada6-c90ac5c8c523,Person Centered Planning|Active Supports - Formal Goal Tracking
2adbb5ad-ef83-4db9-ac86-53d84eb36ba7,Safety | Facilities - Fire|Emergency Drills
7d3e8a9c-2805-4ee1-a0b0-464b7623ab4b,Safety | Facilities - Fire Protection
301a4361-b2bd-4ccb-8f24-d719a9a83d57,Safety | Facilities - Fire Protection
40b3bc40-4e00-4202-9c19-d6cccb83e7a1,Safety | Facilities - Fire Protection
eb20fe74-9465-4000-b272-9666b247a856,Safety | Facilities - Fire Protection
fa13081a-0f6d-41d3-b02b-978da7fd0f56,Safety | Facilities - Fire Protection
9682e2e4-541d-4428-a030-32d039278dc5,"Medical | Health - Meal Services (Menus, food handling, times, storage)"
e2a7d177-c4a9-4a6a-8c45-3774ac5c0f3b,Safety | Facilities - Facility|Maintenance
4b7067bf-416b-4bbf-95a6-7ba8703d0f3f,Safety | Facilities - Facility|Maintenance
2c4d65c3-e359-4bb1-ad17-50fed3287297,Safety | Facilities - Facility|Maintenance
0be8c40f-44f9-4a8e-a13f-e4781772a6cc,Safety | Facilities - Fire|Emergency Drills
cc6ce7e4-5283-4fa7-95d6-4e8648a29dbc,Safety | Facilities - Fire|Emergency Drills
6c757cda-1f94-4a27-a3c1-0408fc39c52b,Safety | Facilities - Equipment
df0dc4f5-6b70-4d37-8045-c2ea809a2340,Medical | Health - Medication - Administration
b01c9c66-d87f-430e-ae58-af4a34719fcb,Medical | Health - Medical Appointments
1f2f8035-6e8b-43ba-82de-fe0526baabff,Safety | Facilities - Equipment
3f2c459a-60ab-4a6f-b3e9-aecf8b3f8e02,Person Centered Planning|Active Supports - Active Treatment
3a49ef85-51e0-48d4-8c4e-443f049f1d34,Rights and Protection - Incident Reporting
7a13e1d3-a9ec-495d-b8db-b86d2b348865,Medical | Health - Medication - Administration
bbfa7f19-f863-4011-9cc9-dd22eb6f42e2,Safety | Facilities - Fire Protection
8b0fd07b-7b8a-454e-9e1c-013b955a8102,Safety | Facilities - Fire Protection
889df5ee-c7c4-4d4b-add4-77971ec524de,Safety | Facilities - Fire Protection
b9ab6998-f4c6-4f61-9187-661b40a6824b,Safety | Facilities - Fire Protection
5d42047e-480b-461b-af8a-c1e7e27841c0,Rights and Protection - Consent - Not Present
9c529088-0fb2-4fcf-9f0e-14cf4b7a0870,Person Centered Planning|Active Supports - Formal Goal Tracking
76377d4c-188e-4690-9ccf-1f3a0a02962c,Governing Body - Training Not Present
ad061cbd-95e8-4523-8dba-f029a9812df0,Safety | Facilities - Emergency Planning
307433c7-2b92-4125-a369-1ba0998e6a29,Safety | Facilities - Emergency Planning
307433c7-2b92-4125-a369-1ba0998e6a29,Safety | Facilities - Facility|Maintenance
44f04af2-c0dc-4d06-9f1f-e8952a525a58,Safety | Facilities - Emergency Planning
44f04af2-c0dc-4d06-9f1f-e8952a525a58,Safety | Facilities - Facility|Maintenance
cc6a11df-abbb-489b-836b-46e127481987,Safety | Facilities - Fire Protection
f044914b-d7aa-4448-9a0d-9d42266c4ed5,Safety | Facilities - Emergency Planning
f044914b-d7aa-4448-9a0d-9d42266c4ed5,Safety | Facilities - Fire Protection
f044914b-d7aa-4448-9a0d-9d42266c4ed5,Safety | Facilities - Fire|Emergency Drills
bb880414-db69-417b-855c-d46fb0592c60,Safety | Facilities - Fire Protection
4192fad3-d8f4-43d7-a35d-869915ca8183,Safety | Facilities - Fire Protection
2f273e0a-3ab6-417f-9cd7-b77dbd842a28,Safety | Facilities - Fire Protection
aa564f06-445e-4bd2-a19b-51e00b87559c,Safety | Facilities - Fire Protection
de7dd47d-6736-4898-99f1-6eceb119d315,Safety | Facilities - Fire Protection
2ed357b5-145f-4c7a-b49e-48a2a3eb0212,Safety | Facilities - Fire Protection
394e36bf-cf88-423f-9a4b-7eaff459e9c3,Safety | Facilities - Fire Protection
f3565cff-68df-428f-9b4b-b3af608ff4e0,Safety | Facilities - Fire Protection
d3c55d16-b06c-4b3d-9ba5-ba8252705d6d,Safety | Facilities - Fire|Emergency Drills
4795d86e-cc8e-4b1a-b7c8-ad97f2b2e0a0,Safety | Facilities - Fire Protection
840721e2-d291-4fa3-be84-bf345eb1f980,Safety | Facilities - Fire Protection
412dae73-be00-4835-9997-568bb54197f0,Safety | Facilities - Fire Protection
37867c2b-b0ed-4a57-9a3f-3dc40d01b50f,Safety | Facilities - Fire Protection
2104fba6-fbe2-4b97-843a-0498faec2b36,Safety | Facilities - Fire Protection
8814b3ae-3537-4cc5-a3cb-bcfb85ab40b9,Medical | Health - Medication - Administration
954bd1cf-07ea-4214-acfc-1a4a7c1356c1,"Medical | Health - Nursing Services (monitoring, delegation, documentation, assessments, etc.)"
4eff04d6-0ece-4e5c-819d-c3477652b7c5,Medical | Health - Infection Control
